sūlūde	sul+ud-i	verb;ANTIP
ḫužušta	ḫōž-ož-d-a	verb;PST;PL.A;3A
alubadinaža	al+o+bade-na-až-a	noun;RELAT.PL;PL;DAT/ESS
ḫīria	ḫīri-i-a	noun;3POSS.SG;ESS
tažulūwa	taž-ol-u-a	verb;ol;MED;3A.SG
ābi	āb-i	verb;ANTIP
šummundidum	šummun-d-id-o=m	verb;d;PL.A;TR.PFV;CON
iškinna	išk-i=nna	verb;ANTIP;3SG.ABS
āġaštetta	aʾ-ašt-ed-d-a	verb;RES;FUT;PL.A;3A
idibuda	idi-v-oda	noun;2POSS.SG;DIR
ammummi	amm+u+mmi	noun;ABS
ulōštel	ol-o-ež=dil	verb;MOD.PAT;OPT;1PL.ABS
saḫḫā	saḫḫi-a	noun;ESS
šena	šena	noun;ABS
nešša	nešši-a	noun;ESS
kiligileštum	keli+gel-išt-o-m	verb;RES;TR.PFV;3A.SG
talmuššini	talmošše-ne	noun;ABL/INS
ḫavōrunnišša	ḫavor+ni-ne-ž=nna	noun;RELAT.SG;ERG;3SG.ABS
šuinež	šui-ne-ž	noun;RELAT.SG;ERG
šara	šāri-a	noun;ESS
tamrīl	tamri-i=l	NUM;3POSS.SG.ABS;3PL.ABS
painibanel	paini-v-ane=l	noun;2POSS.SG;ABL/INS;3PL.ABS
fondurunnenna	fondur+o+ni-ne-e=nna	noun;RELAT.SG;DIR/LOC;3SG.ABS
magaldiniba	magaldi-ne-va	noun;RELAT.SG;DAT
šūrōm	šūr-o-m	verb;TR.PFV;3A.SG
pindaianni	pindaia+ni-ne	noun;ABL/INS
uštae	ošt-i-ai	verb;MOD.AG;PURP
nakkiōffuž	nakk-i-uffu-ž	verb;TR;1A.NEG;PL
sāzallaž	sāzalla-ž	noun;ERG
šavallāži	šavli-na-až-ve	noun;RELAT.PL;PL;GEN
ḫerāġi	ḫeraġi	noun;ABS
ammen	amm-i-en	verb;MOD.AG;3JUSS
šenzūwatta	šen+z+ūwi-a=tta	noun;ESS;1SG.ABS
nabarbinida	nabarbi-ne-da	noun;RELAT.SG;DIR
pudulināi	fud-ul-in-i-ai	verb;ul;in;MOD.AG;PURP
avena	ave-na	noun;RELAT.PL.ABS
kargāni	karg+ā+ni	noun;ABS
tālinēda	tāle-ne-da	noun;RELAT.SG;DIR
abiššā	ave-ž=nna	PRON;ERG;3SG.ABS
tunivadai	ton-i-vade-ae	verb;AG;ADJ.NEG;INS
pirida	piri-da	noun;DIR
tabakka	tabakki-a	noun;ESS
uenaval	uenawa-ž=l	noun;ERG;3PL.ABS
nēra	nēr-a	verb;INT
pārirunni	pār+i+r+o+ni-ne	noun;ABL/INS
inutta	inu=tta	CONJ;1SG.ABS
šagarēlla	šag+ar+i-i=lla	noun;3POSS.SG.ABS;3PL.ABS
tagi	tagi	noun;ABS
kināe	kini-ae	noun;INS
šōġaššini	šōġ+a+šše-ne	noun;ABL/INS
fandin	fandi+n	ADV
ašḫuwe	āšḫo+e	ADV
sigaldi	sigaldi	noun;ABS
azallin	azali-ne-e=n	noun;RELAT.SG;DIR/LOC;3SG.ABS
ārari	ārari	noun;ABS
tamginaž	tamgina-ž	noun;ERG
nakki	nakk-i	verb;TR.IMP
kammiššōri	kammiššōri	noun;ABS
talaḫḫidu	tal+āḫḫ-id-o	verb;PL.A;TR.PFV
nerēda	nera-e-da	noun;3POSS.SG;DIR
naveda	nav-ed-a	verb;FUT;3A.SG
tara	tār-a	verb;INT
anammimma	anammi=mma	ADV;2SG.ABS
aruluššina	ar-ol-o-šše-na	verb;ol;2A.SG;NMLZ;RELAT.PL.ABS
šīenāi	šiye-ne-ae	noun;RELAT.SG;INS
allāni	alla+ni	noun;ABS
alumma	al-umme-a	verb;INF;ESS
itkašta	itk-ašt-a	verb;RES;INT
teššužum	tešš-ož-o-m	verb;ož;TR.PFV;3A.SG
tiba	tibi-a	noun;ESS
tādittiniala	tāditti+ni-i-a=lla	noun;3POSS.SG;ESS;3PL.ABS
neššēna	nešši-na	noun;RELAT.PL.ABS
šilāġi	šilāġi	noun;ABS
ōlbīni	olvi-ne-e	ADJ;RELAT.SG;DIR/LOC
nawunnež	nau+ni-ne-ž	noun;RELAT.SG;ERG
šērāmmi	šērāmmi	noun;ABS
ažia	až-i-a	verb;TR;3A.SG
nēravi	nera-ve	noun;GEN
eža	eže-a	noun;ESS
mānal	man-a=l	PRON;ESS;3PL.ABS
migummi	mig-umme	verb;INF.ABS
ḫaulillāndu	ḫa-ol-ill-and-o	verb;ol;ill;PL.A;MOD.PAT
itkuštum	itk-ušt-o-m	verb;RES;TR.PFV;3A.SG
idarrāi	id-ar-i-l-ai	verb;ITER;MOD.AG;l;PURP
ižuštel	iž-o-ež=dil	verb;MOD.PAT;OPT;1PL.ABS
adaššene	ad+a+šše-ne-e	noun;RELAT.SG;DIR/LOC
tūnāḫḫi	ton-aḫḫ-i	verb;aḫḫ;ANTIP
ulānōm	ul+ān-o-m	verb;TR.PFV;3A.SG
šellida	šelli-da	noun;DIR
iraden	erade-n	noun;ABL/INS
ūrmi	ūrmi	noun;ABS
tōġadib	tōġ-ad-i-b	verb;ad;ANTIP;b
kirġivi	kirġe-ve	noun;GEN
pullibāe	poli-ne-ve-ae	noun;RELAT.SG;GEN;INS
šidarbul	šidarbu-ž=l	noun;ERG;3PL.ABS
pāġūma	pāġ-u=ma	verb;MED;CON
ōššužanna	ōšš+o+že-a=nna	noun;ESS;3SG.ABS
šūbīniva	šubi-ne-va	noun;RELAT.SG;DAT
kakkari	kakkari	noun;ABS
pižirri	pižiri-ne	noun;ABL/INS
kišḫinin	kešḫi-ne-n	noun;RELAT.SG;ABL/INS
talmōġa	talm+oḫḫe-a	ADJ;ESS
kaliani	kāli-i-ane	noun;3POSS.SG;ABL/INS
fōrullažul	fōroli-na-až-ož=l	noun;RELAT.PL;PL;ERG;3PL.ABS
tunōštum	ton-ošt-o-m	verb;RES;TR.PFV;3A.SG
ḫiraġella	ḫiraġe-i=lla	noun;3POSS.SG.ABS;3PL.ABS
mēginež	mēgi-ne-ž	noun;RELAT.SG;ERG
ḫōžia	ḫōž-i-a	verb;TR;3A.SG
aēššam	aēšši-a=m	noun;ESS;2SG.ABS
āšša	āšši-a	noun;ESS
ḫavōrunnini	ḫavor+ni-ne-ne	noun;RELAT.SG;ABL/INS
tīda	tīd-a	verb;INT
āġrāilī	aġrā-i-le	verb;MOD.AG;1JUSS
šelluġulla	šell+o+ġ+o+li-na	noun;RELAT.PL.ABS
šōruž	šōr-o-ež	verb;MOD.PAT;OPT
āmmīnīn	āmmī-ne-n	ADV;RELAT.SG;ABL/INS
tugrižōġa	tugriž+ō+ġe-a	ADJ;ESS
kīgi	kīge	NUM;ABS
ušḫārīda	ušḫ+ār+i-i-da	noun;3POSS.SG;DIR
tōmva	tōmv-a	verb;INT
miržāl	mirži-a=l	noun;ESS;3PL.ABS
kōlež	kol-i-ež	verb;MOD.AG;OPT
ḫavōrunnibi	ḫavor+ni-ne-ve	noun;RELAT.SG;GEN
eššaeni	eššae-ne	noun;ABL/INS
nubin	nubi-n	NUM;ABL/INS
pōriba	fōri-i-va	noun;3POSS.SG;DAT
šebāra	šeb-ar-a	verb;ITER;3A.SG
piduffa	pid+uff-a	verb;INT
mala	mal-a	verb;INT
arduġiniž	ard+o+ġe-ne-ž	ADV;RELAT.SG;ERG
kādūlāīn	kad-o-l-ai-n	verb;MOD.PAT;l;PURP;n
ēbriva	evri-i-va	noun;3POSS.SG;DAT
kippinež	kippi-ne-ž	noun;RELAT.SG;ERG
kulmuri	kulm+o+re	noun;ABS
fonuġunna	fonuġ+o+ni-na	noun;RELAT.PL.ABS
ḫōruppi	ḫōr-upp-i	verb;upp;ANTIP
tāma	tami-a	noun;ESS
emašše	eman+že	NUM;ABS
ažiġi	až+i+ġe	noun;ABS
aramdōm	ar-am-d-o-m	verb;FACT;d;TR.PFV;3A.SG
ḫuštenāža	ḫušte-na-až-a	noun;RELAT.PL;PL;DAT/ESS
sulūda	sul+ud-a	verb;INT
sibi	sib-i	verb;ANTIP
tēni	tē+ni	noun;ABS
pālī	pāli	noun;ABS
ūmmēġa	umm-eġ-a	verb;eġ;INT
uwallinni	uw+all+i+nni	noun;ABS
mādi	mād-i	verb;ANTIP
kirarni	kir+ari+ni	noun;ABS
faššara	fašš-ar-a	verb;ITER;3A.SG
aīmma	ai=mma	CONJ;2SG.ABS
mužuniba	mužoni-va	noun;DAT
šāġlēž	šāġli-e-ž	noun;3POSS.SG;ERG
udānab	ud-an-a-b	verb;an;INT;b
pišḫi	pišḫ-i	verb;ANTIP
sumġar	sumġar	noun;ABS
šelužēda	šel+o+že-i-da	noun;3POSS.SG;DIR
itkulimašši	itk+ul+i+m+a+šše	noun;ABS
kuliġiani	kul+i+ġe-i-ane	noun;3POSS.SG;ABL/INS
ēbrinnaža	ever+ni-na-až-a	noun;RELAT.PL;PL;DAT/ESS
ḫīla	ḫili-a	noun;ESS
mini	mini	noun;ABS
mūžēdā	mūž-ed-a	verb;FUT;3A.SG
eda	idi-a	noun;ESS
fāġōža	faġ-ož-a	verb;PST;3A.SG
fašši	fašš-i	verb;ANTIP
paššarugāra	pašš+ar+ugār+i-a	noun;ESS
šēġalumalla	šeġal-umme-a=lla	verb;INF;ESS;3PL.ABS
eġlianaž	eġli+ana-ž	noun;ERG
šēra	šēri-a	noun;ESS
ḫāiži	ḫa-iž-i	verb;iž;ANTIP
šiašši	šī-a-šše	verb;INT;NMLZ.ABS
sōbāra	sōbāri-a	noun;ESS
sūwae	sūve-ae	noun;INS
targi	tar+ġe	noun;ABS
šēni	šēn-i	verb;ANTIP
kāmmi	kamme	noun;ABS
ḫōrāmi	ḫōr-am-i	verb;FACT;ANTIP
selmi	selmi	noun;ABS
tōġaduppu	tōġ-ad-uffu	verb;ad;1A.SG.NEG
kižipsōvāe	kižipsōvae	noun;ABS
agulla	aguli-na	noun;RELAT.PL.ABS
kulužašši	kul-ož-a-šše	verb;PST;3A.SG;NMLZ.ABS
passūwa	pass-u-a	verb;MED;3A.SG
tēġuššeni	tēġ+o+šše-ne	noun;ABL/INS
kūliamma	kul-i-a-mma	verb;TR;3A.SG;NEG
taġavure	taġav+o+re	noun;ABS
nālli	nāli-ne	noun;ABL/INS
tazakkaštura	tazakkašturi-a	noun;ESS
avarrašta	avari-na-až-da	noun;RELAT.PL;PL;DIR
ežābēma	iža-ve=ma	noun;GEN;CON
fažamma	fāži-a=mma	noun;ESS;2SG.ABS
ḫōšti	ḫōšti	noun;ABS
egunniž	eg+o+nni-ž	ADJ;ERG
ištanīma	ištani-i=ma	noun;3POSS.SG.ABS;CON
šāladeni	šālade-ne	noun;ABL/INS
ōšši	ōšš-i	verb;ANTIP
ḫārapḫāīb	ḫār+a+ġe-ve-ae=v	noun;GEN;INS;2PL.ABS
laġlaḫḫini	laġlaḫḫi-ne	noun;ABL/INS
uniġiž	un+i+ġe-i-ž	noun;3POSS.SG;ERG
agiden	ag-id-en	verb;PL.A;3JUSS
naḫḫa	naḫḫ-a	verb;INT
ḫuwe	ḫō-i	verb;TR.IMP
kibe	kev-e	verb;STAT
kirarnež	kir+ari+ni-i-ž	noun;3POSS.SG;ERG
širnib	šīr+ni-v	noun;2POSS.SG.ABS
ḫālōli	ḫālōli	noun;ABS
užōna	už-on-a	verb;on;INT
ašḫužikkuninibi	āšḫ+ož+i+kk+o+nni-ne-ve	noun;RELAT.SG;GEN
šeġala	šeġal-a	verb;INT
šikkinažan	šikki-na-až-a=an	noun;RELAT.PL;PL;DAT/ESS;CON
armimmi	arm+i+mmi	noun;ABS
šarra	šarri-a	noun;ESS
iška	išk-a	verb;INT
tarriž	tāri-ne-ž	noun;RELAT.SG;ERG
ḫāžarri	ḫāž+arri	noun;ABS
ažānēdāw	až-an-ed-aw	verb;an;FUT;1A.SG
tāgōri	tāg+ō+re	ADJ;ABS
egōna	eg-on-a	verb;on;3A.SG
šildanurum	šil-d-an-ur-o-m	verb;d;an;ur;TR.PFV;3A.SG
murrīe	murri-i-e	noun;3POSS.SG;DIR/LOC
ulluġužibāe	oll+uġ+o+že-ve-ae	noun;GEN;INS
tapḫa	tapḫi-a	noun;ESS
lullueneve	lullue-ne-ve	noun;RELAT.SG;GEN
keššenīel	kešše-ne-ž=l	noun;RELAT.SG;ERG;3PL.ABS
anziġiaž	anz+i+ġe-i-až	noun;3POSS;PL.ABS
irde	irde	noun;ABS
ūrrugivuwi	ūrrugi-iffu-ve	noun;1POSS.SG;GEN
mātta	mād-d-a	verb;d;INT
ḫōdenažāi	ḫōde-na-až-ve-ae	noun;RELAT.PL;PL;GEN;INS
mānuž	manu-ž	PRON;ERG
taržuwannež	taržuwa+ni-ne-ž	noun;RELAT.SG;ERG
sōīb	sōī-v	noun;2POSS.SG.ABS
katkāi	kat+ki-ae	noun;INS
ḫapsurib	ḫapsōri-v	noun;2POSS.SG.ABS
šarra	šarr-a	verb;INT
ḫōenēva	ḫowe+ni-e-va	noun;3POSS.SG;DAT
ḫōruppi	ḫūruffe	noun;ABS
tāġa	tāġ-a	verb;INT
kābarra	kābari-na	noun;RELAT.PL.ABS
nutkiġa	nutk+i+ġe-a	noun;ESS
āšḫōmainibinidal	āšḫ+ō+m+ai+ni-ve-ne-da=l	noun;GEN;RELAT.SG;DIR;3PL.ABS
ḫinzurulāež	ḫinz-ur-o-l-ai-ž	noun;ur;MOD.PAT;l;PURP;ž
šōlidu	šōl-id-o	verb;PL.A;TR.PFV
kēlġēdeni	kēlġēdi-ne	noun;ABL/INS
fōriffān	fōri-iffe-a=an	noun;1POSS.SG;ESS;CON
anni	anni	PRON;ABS
tīvollan	tīv-o=lla=an	verb;MOD.PAT;3PL.ABS;CON
amašteda	am-ašt-ed-a	verb;RES;FUT;3A.SG
sigaldi	sig+al-d-i	verb;d;ANTIP
suruški	sur+u+ški	noun;ABS
nirāe	neri-ae	noun;INS
kirētte	kerētte	ADJ;ABS
ḫōmarida	ḫōmari-da	noun;DIR
ḫinimma	ḫenni=mma	ADV;2SG.ABS
abin	avi+n	ADV
šūrūži	šūrūže	noun;ABS
šāžuda	šo-až-oda	PRON;PL;DIR
kilūni	kil+ōn-i	verb;ANTIP
sīgila	sīgili-a	noun;ESS
ennida	enni-da	noun;DIR
awfa	auwi-a	noun;ESS
ābi	ābi	noun;ABS
ariamma	ar-i-a-mma	verb;TR;3A.SG;NEG
iraden	ir-ad-i-en	verb;ad;MOD.AG;3JUSS
šālabnira	šālab+ni-i-ra	noun;3POSS.SG;COM
ḫēlištu	ḫēl-išt-o	verb;RES;MOD.PAT
amīri	amīri	noun;ABS
ište	ište	PRON;ABS
kirarinni	kir+ar+i+nni	noun;ABS
itkidu	itk-id-o	verb;PL.A;TR.PFV
alubasḫini	al+u+b+a+sḫi-ne	noun;ABL/INS
ardūri	ard-ur-i	verb;ur;ANTIP
ḫalandi	ḫalandi	noun;ABS
urūbi	urūbi	noun;ABS
avāštum	av-ašt-o-m	verb;RES;TR.PFV;3A.SG
šūrnīma	šūrni-i=ma	noun;3POSS.SG.ABS;CON
tawti	taudi	noun;ABS
anaḫḫužellae	an-aḫḫ-ož-ill-i-ai	verb;aḫḫ;ož;ill;MOD.AG;PURP
pāġana	pāġani-a	noun;ESS
abin	avi=n	POST;3SG.ABS
ḫāžimmie	ḫāži+mmi-e	noun;3POSS.SG.ABS
ārrida	āri-ne-da	noun;RELAT.SG;DIR
šīna	šī+ni-a	noun;ESS
ērni	ērni	noun;ABS
ḫīla	ḫil-a	verb;INT
pizigarra	pizigarra	noun;ABS
šālada	šāla-da	noun;DIR
purrēnni	pur+i+rē+nni	noun;ABS
erade	erade	noun;ABS
ḫassizi	ḫassizi	noun;ABS
šōra	šōr-a	verb;INT
sablungi	sabl+ung+i	noun;ABS
ḫebad	ḫebad	noun
uššulēž	ōšš-o-l-ež	verb;MOD.PAT;l;OPT
ḫebattenažuž	ḫebad-ve-na-až-ož	noun;GEN;RELAT.PL;PL;ERG
ḫellidi	ḫill-ed-i	verb;FUT;ANTIP
āššōlāež	āšš-o-l-ai-ž	verb;MOD.PAT;l;PURP;ž
nikkal	nikkal	noun;ABS
šidōri	šid+ō+ri	noun;ABS
fažūlima	faž-ul-i=ma	verb;ul;ANTIP;CON
irġāri	irġāri	noun;ABS
kiraššulaēž	kir+ašš-o-l-ai-ž	verb;MOD.PAT;l;PURP;ž
ḫaštalli	ḫašt-al-i-le	verb;al;MOD.AG;1JUSS
pārendūž	pār-ind-o-ež	verb;PL.A;MOD.AG;OPT
egužri	egužri	noun;ABS
igida	egi-da	noun;DIR
pirugāra	pir-ugar-a	verb;RECIP;INT
ḫažari	ḫāž+ar+i	noun;ABS
ubugarženi	ub+ugar+že-ne	noun;ABL/INS
ažōġiž	ažōġi-i-ž	noun;3POSS.SG;ERG
ubīn	ove=n	ADJ;ABS;3SG.ABS
idedi	id-ed-i	verb;FUT;ANTIP
šēġa	šēġa	noun;ABS
tābīw	tab-i-o	verb;TR;2A.SG
arian	ar-i-en	verb;MOD.AG;3JUSS
mādinaža	mādi-na-až-a	noun;RELAT.PL;PL;DAT/ESS
keššenišša	kešše-ne-ž=nna	noun;RELAT.SG;ERG;3SG.ABS
ḫīžāri	ḫīž+ār+i	noun;ABS
pātte	patte	noun;ABS
ēḫḫa	ēḫḫi-a	noun;ESS
uġni	oġ+ni	noun;ABS
šēġan	šēġa-n	noun;ABL/INS
tara	tāri-a	noun;ESS
taduġebābi	tado.ḫeba-ve	noun;GEN
ežuġnež	ižuġ+ni-ž	noun;ERG
āpsukkuž	āpsukki-ož	noun;EQU
kilōlu	kēl-ol-o	verb;ol;MOD.PAT
ḫanniž	ḫani-ne-ž	noun;RELAT.SG;ERG
ḫawsuġa	ḫauz+o+ġe-a	noun;ESS
šukkuttattam	šukk+utti-a=tta=m	noun;ESS;1SG.ABS;CON
ḫelda	ḫild-a	verb;INT
murrāe	mor-i-l-ai	verb;MOD.AG;l;PURP
ālva	ālv-a	verb;INT
aġarrež	aġri-ne-ž	noun;RELAT.SG;ERG
naktib	nakti-v	noun;2POSS.SG.ABS
tōpšida	tōpš-ed-a	verb;FUT;3A.SG
teššub	teššob	noun;ABS
ēmmanzeneva	eman+že-ne-va	NUM;RELAT.SG;DAT
kumruḫḫāl	kumr+o+ḫḫe-a=l	noun;ESS;3PL.ABS
aġarribi	aġri-ne-ve	noun;RELAT.SG;GEN
nēbāži	nēb+ā+že	noun;ABS
paruž	pari-ož	noun;EQU
ḫalminibi	ḫal+mi-ne-ve	noun;RELAT.SG;GEN
pirrib	piri-ne-e=v	noun;RELAT.SG;DIR/LOC;2PL.ABS
tebušḫāi	tiv+o+šḫi-ae	noun;INS
tivivudab	tive-v-oda=m	noun;2POSS.SG;DIR;CON
kumdi	kūm+de	noun;ABS
tēġulla	teġ-ull-a	verb;ull;3A.SG
nakkidaššu	nakk-ed-aššo	verb;FUT;2A.PL
alummai	al-o+m+ai	verb;CVB
itkōlāi	itk-o-l-ai	verb;MOD.PAT;l;PURP
nudanzaġīvan	nudan+z+a+ġe-i-va=an	noun;3POSS.SG;DAT;CON
āššōribi	āššōri-ve	noun;GEN
pāži	fāži-i	noun;3POSS.SG.ABS
eradāe	erade-ae	noun;INS
šinzamma	šin+ze-a=mma	NUM;ESS;2SG.ABS
fenda	pend-a	verb;INT
sulōženie	sul+ō+že-ne	noun;ABL/INS
aruwallāena	aruwallāe-na	noun;RELAT.PL.ABS
ari	ari	noun;ABS
pāžiba	fāži-va	noun;DAT
nīġriažīel	nīġr+i+a+že-i=l	noun;3POSS.SG.ABS;3PL.ABS
kivori	kev-o-re	verb;PAT;PTCP.ABS
awtuwi	audūi	noun;ABS
kubaġāe	kub-aġ-i-ai	verb;aġ;MOD.AG;PURP
sulgi	sul+gi	noun;ABS
šeġruž	šeġri-ož	noun;EQU
tāžae	taže-ae	noun;INS
talavožināži	talāv+o+že-na-až-ve	ADJ;RELAT.PL;PL;GEN
ummallidašše	umm-all-ed-a-šše	verb;all;FUT;3A.SG;NMLZ.ABS
fōrida	fōri-da	noun;DIR
kanagitḫi	kanagitḫe	noun;ABS
urunnida	or+o+nni-da	noun;DIR
sāžulōža	sāz-ol-ož-a	verb;ol;PST;3A.SG
šāli	šāli	noun;ABS
sēži	sēži	noun;ABS
tāli	tāle	noun;ABS
kūlīna	kuli-na	noun;RELAT.PL.ABS
ārdenibina	arde-ne-ve-na	noun;RELAT.SG;GEN;RELAT.PL.ABS
šōva	šowa	noun;ABS
kažidabima	kažidabi=ma	noun;ABS;CON
itkalzinivināžummin	itkal+zi-ne-ve-na-až-ož=mma=an	noun;RELAT.SG;GEN;RELAT.PL;PL;ERG;2SG.ABS;CON
ašḫunilla	ašḫo-ne-e=lla	noun;RELAT.SG;DIR/LOC;3PL.ABS
ārrivaž	ar-i-l-eva-ž	verb;MOD.AG;l;POT;ž
nirida	neri-da	noun;DIR
ideda	idi-da	noun;DIR
nilōž	nil-o-ež	verb;MOD.PAT;OPT
šidāra	šid-ar-a	verb;ITER;3A.SG
ugulgul	ugulg-o=l	verb;MOD.PAT;3PL.ABS
uēkki	uwēkki	noun;ABS
ažuri	až-o-re	verb;PAT;PTCP.ABS
ažanub	až-an-o-m	verb;an;TR.PFV;3A.SG
alālae	alāli-ae	noun;INS
ḫōrruštāw	ḫōrr-ošt-aw	verb;RES;1A.SG
urgina	urgi-na	noun;RELAT.PL.ABS
eguššulāež	eg+o+šš-o-l-ai-ž	verb;MOD.PAT;l;PURP;ž
šēġaludiž	šeġal-ud-i-ež	verb;NEG;MOD.AG;OPT
itkalzinibinež	itkal+zi-ne-ve-ne-ž	noun;RELAT.SG;GEN;RELAT.SG;ERG
šurbigina	šurbigi-na	noun;RELAT.PL.ABS
kūgukku	kūg-o-kko	verb;INT;NEG
kula	kuli-a	noun;ESS
indannim	ind+a+ni-ne-e=m	noun;RELAT.SG;DIR/LOC;CON
aōl	aō=l	INTJ;3PL.ABS
itta	itt-a	verb;INT
ummallidašše	umm+all+id+a+šše	noun;ABS
fažab	faž-a-b	verb;INT;b
mirulavāl	mir+ul+avi-a=l	noun;ESS;3PL.ABS
fōri	fōri	noun;ABS
ḫibulēž	ḫib-o-l-ež	noun;MOD.PAT;l;OPT
šiminež	šimi-ne-ž	noun;RELAT.SG;ERG
enad	eni-a=d	noun;ESS;1SG.ABS
kuruppa	kur-upp-a	verb;upp;INT
ebāni	ebāni	noun;ABS
ubūža	ub-ož-a	verb;PST;3A.SG
umbōž	umbi-ož	noun;EQU
šīġāi	šēġ-i-ai	verb;MOD.AG;PURP
tīvenniva	tive-ne-va	noun;RELAT.SG;DAT
uriu	ur-i-o	verb;TR;2A.SG
šeġelza	šeġel+zi-a	noun;ESS
ḫūžia	ḫūži-i-a	noun;3POSS.SG;ESS
kammaḫḫinež	kamm+a+ḫḫe-ne-ž	noun;RELAT.SG;ERG
širadili	šir+ad-i-le	verb;MOD.AG;1JUSS
šāišḫi	šā+i+šḫe	noun;ABS
nāva	nav-a	verb;INT
īama	īa=ma	CONJ;CON
naveda	nave-da	noun;DIR
māduwa	mād-u-a	verb;MED;3A.SG
āšti	āšte-i	noun;3POSS.SG.ABS
ōššōšti	ōšš-ošt-i	verb;RES;ANTIP
āšḫitḫini	āšḫ+i+tḫe-ne	noun;ABL/INS
tapšuržai	tapš+ur+že-ae	noun;INS
inzarra	en+zari-na	noun;RELAT.PL.ABS
nakkiwfošša	nakk-i-uffu-ž=nna	verb;TR;1A.NEG;PL;3SG.ABS
ḫudidaw	ḫōd-ed-aw	verb;FUT;1A.SG
ḫuwe	ḫowe	noun;ABS
ažuġiniva	až+oġi-ne-ve-a	noun;RELAT.SG;GEN;ESS
ištuma	ištumi-a	noun;ESS
šēalidin	šē-al-id-en	verb;al;PL.A;3JUSS
amissaduž	amissadu-ž	noun;ERG
muwiri	mū+i+re	noun;ABS
pāžib	fāži-v	noun;2POSS.SG.ABS
kulmōrrin	kulmōri-ne-n	noun;RELAT.SG;ABL/INS
šidarni	šid+ar+ni	noun;ABS
tālāḫḫīb	tal+āḫḫ-i-b	verb;ANTIP;b
talabōžinažuž	talāv+o+že-na-až-ož	ADJ;RELAT.PL;PL;ERG
šumunnež	šumni-ne-ž	noun;RELAT.SG;ERG
težuġarġida	tež+uġ+ar+ġe-da	noun;DIR
ebirna	ever+ni-a	noun;ESS
tēa	tiye-e-a	noun;3POSS.SG;ESS
nāuffa	nā-uff-a	verb;uff;INT
šummīda	šummi-i-da	ADJ;3POSS.SG;DIR
ḫōidu	ḫō-id-o	verb;PL.A;TR.PFV
ēbrināžōnna	ever+ni-na-až-onna	noun;RELAT.PL;PL;EQU2
nūwarrīvan	nūv+ar+i-ne-va=an	noun;RELAT.SG;DAT;CON
futkiž	fut+ki-i-ž	noun;3POSS.SG;ERG
nakkidūwa	nakk-ed-u-a	verb;FUT;MED;3A.SG
idenni	idenni	noun;ABS
fārie	fāri-e	noun;3POSS.SG.ABS
ḫāra	ḫār-a	verb;INT
ōllini	ōlli-ne	noun;ABL/INS
ōġni	ōġ+ni	noun;ABS
tarallibi	tarali-ne-ve	noun;RELAT.SG;GEN
tāġa	tāġe-a	noun;ESS
puġuiridama	puġuiri-da=ma	noun;DIR;CON
nōvarēm	nōv+ar+ē=m	noun;ABS;CON
šindižūwad	šindi+ž+ūwi-a=d	NUM;ESS;1SG.ABS
suppini	suppi-ne	noun;ABL/INS
ḫara	ḫāri-a	noun;ESS
kēnnādal	kēnn+ār+i-a=l	noun;ESS;3PL.ABS
magaldinibād	magaldi-ne-va=d	noun;RELAT.SG;DAT;1SG.ABS
kamveda	kamv-i-d-a	verb;TR;PL.A;3A
ḫaštalli	ḫašt+al+i-ne	noun;ABL/INS
tabiribuwi	tab+i+re-iffu-ve	noun;1POSS.SG;GEN
šeġla	šeġli-a	noun;ESS
šōraššella	šōr+a+šše=lla	noun;ABS;3PL.ABS
ižīma	iž-i=ma	verb;ANTIP;CON
fōrīman	for-i=m=an	verb;ANTIP;2SG.ABS;CON
mandukkaella	mandukki-ae=lla	noun;INS;3PL.ABS
kakkara	kakkari-a	noun;ESS
āššaniba	āšš-an-i-eva	verb;an;MOD.AG;POT
udipšarran	udip.šarra-a=an	noun;ESS;CON
tānumāgāi	tānumāgi-ae	noun;INS
ḫōbrib	ḫōbri-v	noun;2POSS.SG.ABS
paššiġiani	pašš+i+ġe-i-ane	noun;3POSS.SG;ABL/INS
tīdida	tidi-da	noun;DIR
māli	mali	noun;ABS
fāžīva	fāži-i-va	noun;3POSS.SG;DAT
tubinažuž	tōbi-na-až-ož	noun;RELAT.PL;PL;ERG
tažmežarri	tažmi.šarri	noun;ABS
univia	univi-i-a	noun;3POSS.SG;ESS
pendidu	pend-id-o	verb;PL.A;TR.PFV
tūrīn	tūri-n	ADV;ABL/INS
agōži	ag-ož-i	verb;PST;ANTIP
sanzāmi	sanzāmi	noun;ABS
ḫažimma	ḫaž-i+m+ai	verb;CVB
eġlibinibina	eġli-ve-ne-ve-na	noun;GEN;RELAT.SG;GEN;RELAT.PL.ABS
karapteda	kar+apt-ed-a	verb;FUT;3A.SG
igina	igi-na	noun;RELAT.PL.ABS
ānzamma	anzi-a=mma	noun;ESS;2SG.ABS
tōbāe	tōbi-ae	noun;INS
negri	negri	noun;ABS
ḫōrražalla	ḫōri-na-až-a=lla	noun;RELAT.PL;PL;DAT/ESS;3PL.ABS
fūru	fūr-u	verb;MED
enitḫarra	en+i+tḫ+ar+i-na	noun;RELAT.PL.ABS
inġara	inġ+ar+i-a	noun;ESS
itkulundašši	itk-ol-u-nd-a-šše	verb;ol;MED;PL.A;3A;NMLZ.ABS
ežuġni	ižuġ+ni	noun;ABS
lablaḫḫinež	labla+ḫḫe-ne-ž	noun;RELAT.SG;ERG
pāžannel	fāžani-ne-e=l	noun;RELAT.SG;DIR/LOC;3PL.ABS
igingališḫenāma	igingališ-ġe-na=ma	noun;ADJ;RELAT.PL.ABS;CON
šiurivain	ši-ur-i-va-en	verb;ur;MOD.AG;NEG;3JUSS
tīa	tiye-i-a	noun;3POSS.SG;ESS
šāvālli	šavli-ne	noun;ABL/INS
tevena	tive-na	noun;RELAT.PL.ABS
šōi	šō-i	verb;ANTIP
itkinduž	itk-ind-o-ež	verb;PL.A;MOD.AG;OPT
nuladenež	nul+ade-ne-ž	noun;RELAT.SG;ERG
sōbinēra	sōve-ne-ra	noun;RELAT.SG;COM
taġēnivāl	tāġe-ne-va=l	noun;RELAT.SG;DAT;3PL.ABS
tābužudam	tab-ož-ud-a=m	verb;ož;ud;INT;2SG.ABS
uria	ure-a	noun;ESS
šummini	šummi-ne	ADJ;ABL/INS
ažōġiž	až-oġ-i-ež	verb;oġ;MOD.AG;OPT
nabarbi	nabarbi	noun
ḫōrvāde	ḫōrv+āde	noun;ABS
ḫōmari	ḫōmari	noun;ABS
ḫižarduġullēbi	ḫiž+ar+d+o+ġ+o+li-ne-ve	noun;RELAT.SG;GEN
eġlibi	eġli-ve	noun;GEN
agum	ag-o-m	verb;TR.PFV;3A.SG
šurbēgi	šurbēgi	noun;ABS
nāžarni	nāž+ar+ni	noun;ABS
tāžini	tāže-ne	noun;ABL/INS
ittilāe	itt-i-l-ai	verb;MOD.AG;l;PURP
ḫōpšineva	ḫōpši-ne-va	noun;RELAT.SG;DAT
ōllini	oli-ne-ne	PRON;RELAT.SG;ABL/INS
šurba	šurb-a	verb;INT
alzialli	ālžīālli	noun;ABS
ḫēġōži	ḫēġ+ō+že	noun;ABS
tadireškinibāe	tad+ir+e+ški-ne-ve-ae	noun;RELAT.SG;GEN;INS
faššara	fašš+ar+i-a	noun;ESS
ḫōdellurražuž	ḫōdellori-na-až-ož	noun;RELAT.PL;PL;ERG
mužunniba	mužoni-ne-va	noun;RELAT.SG;DAT
ašḫōnan	ašḫo-n=an	noun;ABL/INS;CON
tālina	tāle-na	noun;RELAT.PL.ABS
ḫavorunnima	ḫavor+ni-ne-e=ma	noun;RELAT.SG;DIR/LOC;CON
tapšāġina	tapš+āġ+i-na	noun;RELAT.PL.ABS
kalgamižul	kalgamiž-ož=l	noun;ERG;3PL.ABS
fāžuž	faž-o-ež	verb;MOD.PAT;OPT
težuġarġi	tež+uġ+ar+ġe	noun;ABS
ārdima	arde=ma	noun;ABS;CON
šōvaib	šowa-ae=v	noun;INS;2PL.ABS
šuġunnež	šōġoni-ne-ž	noun;RELAT.SG;ERG
šīedi	šī-ed-i	verb;FUT;ANTIP
teššōbaž	teššob-až	noun;ERG
ḫīdam	ḫīdam	noun;ABS
tadugarāe	tad+ugar+i-ae	noun;INS
uzi	uzi	noun;ABS
nūduža	nūd+o+že-a	noun;ESS
kikkunima	kikk+o+ni=ma	noun;ABS;CON
ūmmumaššiniva	ūmm+um+a+šše-ne-va	noun;RELAT.SG;DAT
arāgi	arāgi	noun;ABS
šeġalamma	šeġali-a=mma	ADJ;ESS;2SG.ABS
kadānu	kad-an-o	verb;an;MOD.PAT
attaippināža	atta+i-v-ve-na-až-a	noun;2POSS.SG;GEN;RELAT.PL;PL;DAT/ESS
šiummeni	šī-umme-ne	verb;INF;ABL/INS
fōrunziġi	fōrunz+i+ġe	noun;ABS
kadimma	kad-i=mma	verb;ANTIP;2SG.ABS
kilānež	kil+ān-i-ež	verb;MOD.AG;OPT
katta	kad-id-en	verb;PL.A;3JUSS
šūre	šuri	noun;ABS
apsižnāġi	apsižnā-ġe	noun;ADJ.ABS
ševerrāže	ševeri-na-až-ve	noun;RELAT.PL;PL;GEN
tipšar	tip+šari	noun;ABS
paria	pāri-i-a	noun;3POSS.SG;ESS
kirenze	kire+n+ze	noun;ABS
adal	ad-a=l	verb;INT;3PL.ABS
ardūri	ardūri	noun;ABS
kāža	kāž-a	verb;INT
ižammi	iža+mme	noun;ABS
šuēž	šōe-ž	PRON;ERG
išteniffāmma	išteni-iffe-a=mma	noun;1POSS.SG;ESS;2SG.ABS
šarrašši	šarr+a+šše	noun;ABS
ḫaburni	ḫavor+ni	noun;ABS
eġlibinibināža	eġli-ve-ne-ve-na-až-a	noun;GEN;RELAT.SG;GEN;RELAT.PL;PL;DAT/ESS
pāenippa	pāeni-v-va	noun;2POSS.SG;DAT
itkummi	itk-umme	verb;INF.ABS
tattin	tad-id-en	verb;PL.A;3JUSS
kelde	kēl-d-i	verb;d;ANTIP
ḫōžuni	ḫōž-on-i	verb;on;ANTIP
uwa	uwi-a	noun;ESS
aribiblaž	arib.ebla-ž	noun;ERG
simidaduž	simidadi-ož	noun;EQU
šēġalubada	šēġal+o+bade-a	ADJ;ESS
šeġellibina	šeġli-ne-ve-na	noun;RELAT.SG;GEN;RELAT.PL.ABS
agib	ag-i-b	verb;ANTIP;b
šerrē	šēri-ne	noun;ABL/INS
pēdāri	ped+ar+i	noun;ABS
teġeštab	teġ-išt-a-b	verb;RES;INT;b
naunnibi	nau+ni-ne-ve	noun;RELAT.SG;GEN
taġuwadinēda	taġ+o+vadi-ne-da	noun;RELAT.SG;DIR
nābu	nāb-u	verb;MED
sazulda	saz+ul+di-a	noun;ESS
tamgarida	tamgāri-da	noun;DIR
īamma	īa=mma	CONJ;2SG.ABS
tānu	tānu	ADV
ḫenzā	ḫenz-a	verb;INT
šiānima	šiāni=ma	noun;ABS;CON
amarikkuwanin	amarikkuwa-ne-n	noun;RELAT.SG;ABL/INS
šarrēna	šarrē-na	noun;RELAT.PL.ABS
pišḫi	pišḫi	noun;ABS
egušši	eg+o+šš-i	verb;ANTIP
suḫḫinie	suḫḫi-ne	noun;ABL/INS
ašteniva	āšte-ne-va	noun;RELAT.SG;DAT
kiškižiaššenina	kiš+kiž+i+a+šše+ni-na	noun;RELAT.PL.ABS
īad	īa=d	CONJ;1SG.ABS
nuġunab	nuġ+o+ni-a=m	noun;ESS;2SG.ABS
ḫōruwāda	ḫōr+o+vāde-a	noun;ESS
ileška	ileški-a	noun;ESS
purammib	pura+mmi-v	noun;2POSS.SG.ABS
turuḫḫina	tor+o+ḫḫe-na	ADJ;RELAT.PL.ABS
teba	tebe-a	noun;ESS
ḫutḫiž	ḫutḫ-i-ež	verb;MOD.AG;OPT
kadīw	kad-i-o	verb;TR;2A.SG
ūrdaššinēlla	ūrd+a+šše-ne-ž=lla	noun;RELAT.SG;ERG;3PL.ABS
anamma	anam=ma	ADV;CON
alġi	alġi	noun;ABS
attānima	atta+ni=ma	noun;ABS;CON
favanašta	paba+ni-na-až-da	noun;RELAT.PL;PL;DIR
adašši	ad+a+šše	noun;ABS
paššarugāra	pašš-ar-ugar-a	verb;ITER;RECIP;INT
šavuškava	šavoška-va	noun;DAT
abinie	abi-ne	noun;ABL/INS
puduž	fud-o-ež	verb;MOD.PAT;OPT
nūrbiniž	nūrbi-ne-ž	noun;RELAT.SG;ERG
tidiam	tidi-i-a=m	noun;3POSS.SG;ESS;CON
titta	titt-a	verb;INT
tibāġōm	tiv-aġ-o-m	verb;aġ;TR.PFV;3A.SG
pāġrōžinež	faġr+o+že-ne-ž	ADJ;RELAT.SG;ERG
ḫibaptenida	ḫebad-ve-ne-da	noun;GEN;RELAT.SG;DIR
nāniž	nāni-ž	noun;ERG
šubrianaž	šubri+ana-ž	noun;ERG
mādena	mādi-na	noun;RELAT.PL.ABS
nērida	nēr-ed-a	verb;FUT;3A.SG
fažumai	faž-o+m+ai	verb;CVB
teḫpa	teḫp-a	verb;INT
šadanniž	šadani-ne-ž	noun;RELAT.SG;ERG
sablašši	sabl+a+šše	noun;ABS
tunitḫibe	tun+i+tḫe-iffe	noun;1POSS.SG.ABS
kadib	kadi-v	noun;2POSS.SG.ABS
ḫideneve	ḫide-ne-ve	noun;RELAT.SG;GEN
ḫāžarridal	ḫāž+arri-da=l	noun;DIR;3PL.ABS
sakkandi	sakkandi	noun;ABS
tāġēma	tāġe=ma	noun;ABS;CON
pāinniž	paini-ne-ž	noun;RELAT.SG;ERG
šōima	šōe=ma	noun;ABS;CON
unel	un-i=l	verb;TR.IMP;3PL.ABS
sōššiuž	sōšši-i-ož	noun;3POSS.SG;EQU
nerīda	nera-i-da	noun;3POSS.SG;DIR
ḫōbidōda	ḫōbidōdi-a	noun;ESS
uššōm	ōšš-o-m	verb;TR.PFV;3A.SG
fōrulžarražan	fōrol+žari-na-až-a=an	noun;RELAT.PL;PL;DAT/ESS;CON
taržuwannaža	taržuwa+ni-na-až-a	noun;RELAT.PL;PL;DAT/ESS
itkanzalla	itkan+zi-a=lla	noun;ESS;3PL.ABS
egi	egi	PREP
šauška	šavoška	noun;ABS
ai	ai	CONJ
arīvin	arīvi-n	noun;ABL/INS
nakkašḫa	nakk+a+šḫe-a	noun;ESS
attāne	atta+ni	noun;ABS
taġažīb	tāġ-až-i-b	verb;až;ANTIP;b
ḫōdōma	ḫōd-o=ma	verb;MOD.PAT;CON
šōġuri	šōġori	noun;ABS
putki	fut+ki	noun;ABS
ḫāigalli	ḫāigali-ne	noun;ABL/INS
tamrian	tamri-i-a=an	NUM;3POSS.SG;ESS;CON
šummi	šummi	ADJ
elamirġena	elm+ir+ġe-na	noun;RELAT.PL.ABS
parissade	pariss+ade	noun;ABS
teġulli	teġ+ol+i-ne	noun;ABL/INS
ḫāžažimmi	ḫāž+až+i+mmi	noun;ABS
tiba	tiv-a	verb;INT
uminna	omini-na	noun;RELAT.PL.ABS
ḫārēni	ḫāri-e-ne	noun;3POSS.SG;ABL/INS
inibāi	ini-ve-ae	noun;GEN;INS
ninuwaġinešša	ninuwa+ġe-ne-ž=nna	ADJ;RELAT.SG;ERG;3SG.ABS
ammatti	ammatte	ADJ;ABS
aīb	ai=m	CONJ;2SG.ABS
irbīnāža	ervi-na-až-a	noun;RELAT.PL;PL;DAT/ESS
ažmunigalōn	ažmo.nigalō=n	noun;ABS;3SG.ABS
ḫennēma	ḫenni=ma	ADV;CON
uštanēdi	ošt-an-ed-i	verb;an;FUT;ANTIP
azaldēda	az-al-d-ed-a	verb;al;d;FUT;3A.SG
ārnil	ārni-i=l	noun;3POSS.SG.ABS;3PL.ABS
ebrež	evri-ž	noun;ERG
šaburna	šabur+ni-a	noun;ESS
fašši	fašši	noun;ABS
šīġāi	šēġa-ae	noun;INS
šāri	šār-i	verb;ANTIP
ōšše	ōšš-e	verb;STAT
āšḫun	ašḫo-n	ADV;ABL/INS
tāġiba	tāġe-i-va	noun;3POSS.SG;DAT
šōima	šōe=ma	PRON;ABS;CON
itkalzibāi	itkal+zi-ve-ae	noun;GEN;INS
uġōžamāšši	oġ+ōž+a+mā+šše	noun;ABS
ḫāpšī	ḫapš-i	verb;ANTIP
mōrrinibādel	mōrri-ne-va=dil	noun;RELAT.SG;DAT;1PL.ABS
aluma	alu-o+m+ai	verb;CVB
ḫēbādōi	ḫēbādu-ve	noun;GEN
kumarvenella	kumarve-ne-ž=lla	noun;RELAT.SG;ERG;3PL.ABS
ḫeiaruḫḫi	ḫi+ar+o+ḫḫe	noun;ABS
šōrra	šōri-na	noun;RELAT.PL.ABS
šukkuttattam	šukk+utt-a=tta=m	verb;INT;1SG.ABS;CON
adal	ade-a=l	noun;ESS;3PL.ABS
šōnia	šō+ni-i-a	noun;3POSS.SG;ESS
ḫōnžini	ḫōnži-ne	noun;ABL/INS
ḫōrvini	ḫōrvi-ne	noun;ABL/INS
turžē	turžē	noun;ABS
ḫōdannaražāe	ḫōd+a+nn+ar+a+že-ae	noun;INS
kōppannal	kōpp+a+nni-a=l	noun;ESS;3PL.ABS
pāžia	faž-i-a	verb;TR;3A.SG
katkinažuž	kat+ki-na-až-ož	noun;RELAT.PL;PL;ERG
ue	ue	INTJ
paibiblan	paib.ebla=an	noun;ABS;CON
šindiž	šindi-i-ž	noun;3POSS.SG;ERG
šōlli	šolli	noun;ABS
nažāgi	nažāgi	noun;ABS
pēġi	pēġi	noun;ABS
kulumbi	kul+u+mb-i	verb;ANTIP
enudōbin	en+ud-o-va-en	verb;MOD.PAT;NEG;3JUSS
sōnni	sōni-ne	noun;ABL/INS
šukka	šokk-a	verb;INT
ḫōraīa	ḫōra-i-a	verb;TR;3A.SG
kuldum	kul-d-o=m	verb;d;MOD.PAT;CON
šeġalummālla	šeġal-o-m-a=lla	verb;TR.PFV;3A.SG;EPNTH;3PL.ABS
mōrri	mōri-ne	noun;ABL/INS
fovāi	fovi-ae	noun;INS
ḫāžuža	ḫaž-ož-a	verb;PST;3A.SG
šūnīda	šō+ni-i-da	noun;3POSS.SG;DIR
talēnež	tale-ne-ž	noun;RELAT.SG;ERG
šumallam	šumali-na=m	noun;RELAT.PL.ABS;CON
uššeššinida	ušš+e+šše-ne-da	noun;RELAT.SG;DIR
suzōnni	suss+ō+nni	noun;ABS
ulme	ūl+me	noun;ABS
ḫāšši	ḫa-a-šše	verb;INT;NMLZ.ABS
inġad	inġ-a=d	verb;INT;1SG.ABS
sāzulōšteri	sāz-ol-ošt-i-re	verb;ol;RES;AG;PTCP
šummera	šummeri-a	noun;ESS
temgiaža	tem+gi-i-až-a	noun;3POSS;PL;DAT/ESS
tugalla	tug-a=lla	verb;INT;3PL.ABS
šebāra	šeb+ār+i-a	noun;ESS
arbarra	arb+ar+i-na	noun;RELAT.PL.ABS
nuwinduž	nū-ind-o-ež	verb;PL.A;MOD.PAT;OPT
šalġulēž	šalġ-o-l-ež	verb;MOD.PAT;l;OPT
talinaža	tāle-na-až-a	noun;RELAT.PL;PL;DAT/ESS
palaġa	pal-aġ-a	verb;aġ;INT
mērež	mēr-i-ež	verb;MOD.AG;OPT
kāni	kāni	noun;ABS
mandukkimma	mandukki=mma	noun;ABS;2SG.ABS
ēbrinna	ever+ni-na	noun;RELAT.PL.ABS
udepšarrāl	udip.šarra-ž=l	noun;ERG;3PL.ABS
ižena	iže-na	noun;RELAT.PL.ABS
sāzin	sāz-i-en	verb;MOD.AG;3JUSS
padni	padni	noun;ABS
amudum	am-ud-o-m	verb;NEG;TR.PFV;3A.SG
tōrōbinibi	torove-ne-ve	noun;RELAT.SG;GEN
eže	eže	noun;ABS
āšḫōmain	āšḫ-o+m+ai-n	verb;CVB;n
karapteda	karapte-da	noun;DIR
šēria	šēr-i-a	verb;TR;3A.SG
umina	omini-a	noun;ESS
šīġa	šīġi-a	noun;ESS
aēššam	ave-ž=nna=m	PRON;ERG;3SG.ABS;CON
ōššukkam	ōšš-o-kko=m	verb;INT;NEG;2SG.ABS
amulēž	am-o-l-ež	verb;MOD.PAT;l;OPT
aiwpa	aiu-va	noun;DAT
ašḫužikkunnima	āšḫ+ož+i+kk+o+nni=ma	noun;ABS;CON
kiražima	ker+ā+že=ma	ADJ;ABS;CON
māġri	māġri	noun;ABS
lallarrež	lallari-ne-ž	noun;RELAT.SG;ERG
ḫapšārūwa	ḫapš-ar-u-a	verb;ITER;MED;3A.SG
una	un-a	verb;INT
ḫupši	ḫupš-i	verb;ANTIP
pindun	pend-o=n	verb;MOD.PAT;3SG.ABS
ḫōbri	ḫōbri	noun;ABS
subnīa	subn-i-a	verb;TR;3A.SG
ōrdōbōr	ōr+d-o-vor	verb;INT;NEG
mannamištun	mannamištu=n	noun;ABS;3SG.ABS
kēbina	kēbi-na	noun;RELAT.PL.ABS
immandena	immande-na	noun;RELAT.PL.ABS
uīrrivenāža	uwīri-ne-ve-na-až-a	noun;RELAT.SG;GEN;RELAT.PL;PL;DAT/ESS
telippa	tel-i-b=ma	verb;ANTIP;b;CON
areššal	ar-i-ež-a=l	verb;MOD.AG;OPT;EPNTH;3PL.ABS
azallin	az-al-i-le=n	verb;al;MOD.AG;1JUSS;3SG.ABS
šešfe	šešfe	noun;ABS
timarri	timeri-ne-e	ADJ;RELAT.SG;DIR/LOC
šōvae	šowa-ae	noun;INS
šēri	šēri	noun;ABS
kinnāri	kinn+ār+i	noun;ABS
kirunna	kir-o=nna	verb;MOD.PAT;3SG.ABS
paibiblaž	paib.ebla-ž	noun;ERG
sugazūganišša	suga+zūg-an-i-šše-a	verb;an;ANTIP;NMLZ;ESS
karži	karži	noun;ABS
ari	ar-i	verb;ANTIP
šabla	šavli-a	noun;ESS
āžri	āžri	noun;ABS
ḫāža	ḫāži-a	noun;ESS
ḫutḫiž	ḫutḫi-i-ž	noun;3POSS.SG;ERG
šōduštiēž	šōd-ošt-i-ež	verb;RES;MOD.AG;OPT
kumarbinive	kumarve-ne-ve	noun;RELAT.SG;GEN
pudūri	fud-o-re	verb;PAT;PTCP.ABS
šinnaġinippaž	šinnaġi+ni-iffe-až	noun;1POSS;PL.ABS
kadulen	kad-ol-i-en	verb;ol;MOD.AG;3JUSS
pēdarriž	ped+ar+i-ne-ž	noun;RELAT.SG;ERG
uštedia	uštedi-i-a	noun;3POSS.SG;ESS
azusḫi	azusḫi	noun;ABS
ubina	obi-na	noun;RELAT.PL.ABS
tāġinibinež	tāġe-ne-ve-ne-ž	noun;RELAT.SG;GEN;RELAT.SG;ERG
purġa	purġ-a	verb;INT
idi	id-i	verb;ANTIP
pindaulda	pend-aʾ-ol-d-a	verb;aʾ;ol;PL.A;3A
tāġibāe	tāġe-ve-ae	noun;GEN;INS
išti	ištani-i	verb;ANTIP
alurina	al+o+re-na	noun;RELAT.PL.ABS
kunzimai	kunz-i+m+ai	verb;CVB
egi	egi	noun;ABS
faeli	fael-i	verb;TR.IMP
eliškaella	eliški-ae=lla	noun;INS;3PL.ABS
taġōbi	taġōbi	noun;ABS
mānōl	man-ož=l	PRON;ERG;3PL.ABS
šīrnamma	šīr+ni-a=mma	noun;ESS;CON
nawnībuwe	nau+ni-i-e	noun;3POSS.SG;DIR/LOC
nāli	nāli	noun;ABS
ḫanumbasḫida	ḫan+u+mb+a+sḫe-da	noun;DIR
kāža	kāži-a	noun;ESS
alulda	al-ol-d-a	verb;ol;PL.A;3A
abima	ave=ma	PRON;ABS;CON
tali	tale	noun;ABS
uža	už-a	verb;INT
pāri	pār-i	verb;ANTIP
ḫelda	ḫilde-a	noun;ESS
kešḫidan	kešḫi-dan	noun;ABL
abriāži	abri-i-až-ve	noun;3POSS;PL;GEN
fandarinināma	fand+ar+i+nni-na=ma	noun;RELAT.PL.ABS;CON
šallaena	šallae-na	ADJ;RELAT.PL.ABS
faġruwāde	faġr+o+vāde	ADJ;ABS
agab	ag-a-b	verb;INT;b
agulūwa	ag-ol-u-a	verb;ol;MED;3A.SG
āssarōḫḫa	āss+ar+ō+ḫḫe-a	noun;ESS
avalġa	av+al+ġe-a	noun;ESS
paġruž	faġr-o-ež	verb;MOD.PAT;OPT
alikki	al-i-kki	verb;ANTIP;NEG
pāra	pāri-a	noun;ESS
teeia	tē-i-a	noun;3POSS.SG;ESS
ažulain	až-o-l-ai-n	verb;MOD.PAT;l;PURP;n
āni	āni	noun;ABS
sālī	sāli	noun;ABS
pāžinida	pāže-ne-da	noun;RELAT.SG;DIR
ene	eni	noun;ABS
šeġlu	šeġ+l-u	verb;MED
kulmu	kulm-o	verb;MOD.PAT
unib	un-i-b	verb;ANTIP;b
simidada	simidadi-a	noun;ESS
milulādu	mil-ol-ad-o	verb;ol;ad;MOD.PAT
kužapḫi	kužaġ-ve	noun;GEN
kiluffa	kēl-uff-a	verb;uff;3A.SG
munuž	mun-o-ež	verb;MOD.PAT;OPT
tupḫa	tupḫi-a	noun;ESS
mēginella	mēgi-ne-ž=lla	noun;RELAT.SG;ERG;3PL.ABS
neġirna	neġer+ni-a	noun;ESS
paria	par-i-a	verb;TR;3A.SG
kažla	kažl-a	verb;INT
igi	igi	noun;ABS
šatti	šātt-i	verb;ANTIP
šilaġugarilla	šil-aġ-ugar-i=lla	verb;aġ;RECIP;ANTIP;3PL.ABS
nēlaban	nēla-v-a=an	noun;2POSS.SG;ESS;CON
šindāib	šindai=v	NUM;ABS;2PL.ABS
ōšši	ōšši	noun;ABS
azamaruliēž	az-am-ar-o-l-ež	verb;FACT;ITER;MOD.PAT;l;OPT
uētta	uwētti-a	noun;ESS
šašfe	šašfe	noun;ABS
kenna	keni-na	noun;RELAT.PL.ABS
ašḫuidan	ašḫo-i-dan	noun;3POSS.SG;ABL
išḫara	išḫara	noun;ABS
ḫīžāri	ḫīž-ar-i	verb;ITER;ANTIP
itkundōri	itk+und+o+re	ADJ;ABS
faštu	fašt-o	verb;MOD.PAT
kapšinina	kapši-ne-nna	noun;RELAT.SG;EQU2
namla	namli-a	noun;ESS
šilāġi	šil-aġ-i	verb;aġ;ANTIP
pēġi	pēġ-i	verb;ANTIP
eževabun	ežeb.ābu=n	noun;ABS;3SG.ABS
amuwīn	am-o-en	verb;MOD.PAT;3JUSS
ḫalzinibi	ḫalze-ne-ve	noun;RELAT.SG;GEN
šindai	šindai	NUM;ABS
tižab	tiža-v	noun;2POSS.SG.ABS
eradiniž	erade-ne-ž	noun;RELAT.SG;ERG
tūmniažūž	tomni-i-až-ož	NUM;3POSS;PL;ERG
turuḫḫe	tūr+o+ḫḫe	noun;ABS
alulū	al-ol-u	verb;ol;MED
šabadnimma	šabad+ni=mma	noun;ABS;2SG.ABS
farinināma	uw+ar+i+nni-na=ma	noun;RELAT.PL.ABS;CON
paġmi	paġmi	noun;ABS
irveniž	ervi-ne-ž	noun;RELAT.SG;ERG
nirġa	nirġi-a	noun;ESS
šagumženež	šag+um+že-ne-ž	noun;RELAT.SG;ERG
ḫāib	ḫa-i=m	verb;ANTIP;CON
ḫēaraštēda	ḫē-ar-ašt-ed-a	noun;ITER;RES;FUT;3A.SG
īllulia	īll-ol-i-a	verb;ol;TR;3A.SG
attaivi	atta+i-i-ve	noun;3POSS.SG;GEN
fudarinalla	fud+ar+i+nni-a=lla	noun;ESS;3PL.ABS
tālūlīžanna	tāl+ūl+ī+že-a=nna	noun;ESS;3SG.ABS
tamgarrida	tamgāri-ne-da	noun;RELAT.SG;DIR
naiġēna	na+i+ġē-na	noun;RELAT.PL.ABS
eguššinažuž	eg+o+šše-na-až-ož	noun;RELAT.PL;PL;ERG
attaebini	atta+i-i-ve-ne-e	noun;3POSS.SG;GEN;RELAT.SG;DIR/LOC
tēna	tē+ni-a	noun;ESS
itkalzinibinažuž	itkal+zi-ne-ve-na-až-ož	noun;RELAT.SG;GEN;RELAT.PL;PL;ERG
pāttarribi	pāttari-ne-ve	noun;RELAT.SG;GEN
tabrāna	tabrani-a	noun;ESS
kikkuġēda	kikk-oġ-ed-a	verb;oġ;FUT;3A.SG
kamēnež	kamme-ne-ž	noun;RELAT.SG;ERG
ḫāḫḫiniž	ḫāḫḫi-ne-ž	noun;RELAT.SG;ERG
šeġalaššiġinimma	šeġal+a+šše+ġe-ne-e=mma	noun;RELAT.SG;DIR/LOC;2SG.ABS
ilāvān	ilāvā-a=an	noun;ESS;CON
šuškib	šušk-i-b	verb;ANTIP;b
ḫanubasḫi	ḫān+u+b+a+sḫe	noun;ABS
tālāl	tale-a=l	noun;ESS;3PL.ABS
ištennanan	išteni-na=nan	noun;RELAT.PL.ABS;CON
tiḫḫida	tiḫḫ-ed-a	verb;FUT;3A.SG
tabra	tabri-a	noun;ESS
tāda	tādi-a	noun;ESS
tizū	tiz-u	verb;MED
izuziva	izuzi-i-va	noun;3POSS.SG;DAT
āšḫuž	āšḫ-o-ež	verb;MOD.PAT;OPT
nakti	nakti	noun;ABS
ḫalikkuli	ḫalikkuli	noun;ABS
šešteni	šešti-ne	noun;ABL/INS
ulluġužellāin	oll+uġ-ož-ill-i-ai-n	verb;ož;ill;MOD.AG;PURP;n
allīġa	all+ī+ġe-a	noun;ESS
ḫattōġināža	ḫatt+o+ġe-na-až-a	ADJ;RELAT.PL;PL;DAT/ESS
ḫimzatḫōži	ḫimz+a+tḫ-ož-i	verb;PST;ANTIP
talmašti	talm-ašt-i	verb;RES;ANTIP
šōniaž	šō+ni-i-až	noun;3POSS;PL.ABS
arnāi	arni-ae	noun;INS
šeġalama	šeġal-a=ma	verb;INT;CON
amōmāb	am+o+mi-a=v	noun;ESS;2PL.ABS
kiāžēni	kiaže-ne	noun;ABL/INS
irdib	irde-v	noun;2POSS.SG.ABS
talaḫḫum	tal+āḫḫ-o-m	verb;TR.PFV;3A.SG
igi	ig-i	verb;ANTIP
itkiaž	itk-i-a-ž	verb;TR;3A;PL
arulib	ar-ol-i-b	verb;ol;ANTIP;b
aġarrēl	aġri-ne-ž=l	noun;RELAT.SG;ERG;3PL.ABS
azaldili	az-al-d-i-le	verb;al;d;MOD.AG;1JUSS
šia	ši-a	verb;INT
attaida	atta+i-da	noun;DIR
ḫullurēva	ḫull-ur-i-eva	verb;ur;MOD.AG;POT
šimegai	šimiga+i	noun;ABS
talippa	tale-iffe-a	noun;1POSS.SG;ESS
ḫīlēšta	ḫīlēšti-a	noun;ESS
piġida	piġi-da	noun;DIR
tātḫināmma	tatḫi-na=mma	noun;RELAT.PL.ABS;CON
ōlluġaīnna	oll+uġ-i-ai=nna	verb;MOD.AG;PURP;3SG.ABS
suwadatte	suv+ad+atte	noun;ABS
šiali	šiali	noun;ABS
tāġe	tāġe	noun;ABS
īad	īa=d	ADV;1SG.ABS
aga	agi-a	PRON;ESS
fēlluža	fēll-ož-a	verb;PST;3A.SG
savāldum	sav-al-d-o-m	verb;al;d;TR.PFV;3A.SG
aġarrēba	aġri-ne-va	noun;RELAT.SG;DAT
šelužēda	šel-ož-ed-a	verb;ož;FUT;3A.SG
šeġalama	šeġali-a=ma	ADJ;ESS;CON
irdeda	irde-da	noun;DIR
šidurriva	šid+ō+ri-ne-va	noun;RELAT.SG;DAT
ubēda	ub-ed-a	verb;FUT;3A.SG
tālūlīžanna	tal-ol-iž-a=nna	verb;ol;iž;INT;3SG.ABS
igēnema	egi-ne-e=ma	noun;RELAT.SG;DIR/LOC;CON
aldāi	al-d-i-ai	verb;d;MOD.AG;PURP
šāla	šāla	noun;ABS
ērġima	erġi=ma	noun;ABS;CON
ḫarraža	ḫāri-na-až-a	noun;RELAT.PL;PL;DAT/ESS
tapšurža	tapš+ur+že-a	noun;ESS
uženi	uže-ne	noun;ABL/INS
ḫāža	ḫaž-a	verb;INT
tālēnež	tāle-ne-ž	noun;RELAT.SG;ERG
ōžnai	ōžni-ae	noun;INS
alġi	alġ-i	verb;ANTIP
ōšḫunōž	ošḫo+ni-ož	noun;EQU
tabrāni	tabrani	noun;ABS
murġulišta	murġulišti-a	noun;ESS
kažinibād	kāze-ne-va=d	noun;RELAT.SG;DAT;1SG.ABS
nabarbinie	nabarbi-ne	noun;ABL/INS
puttiġiž	put+t+i+ġe-i-ž	noun;3POSS.SG;ERG
kummini	kumme+ne	noun;ABS
iži	iž-i	verb;ANTIP
ḫeldāralla	ḫild-ar-a=lla	verb;ITER;INT;3PL.ABS
pōenibi	powe-ne-ve	noun;RELAT.SG;GEN
kešḫini	kešḫi-ne-e	noun;RELAT.SG;DIR/LOC
šīrna	šīrn-a	verb;INT
pūrudum	for-ud-o-m	verb;NEG;TR.PFV;3A.SG
foride	for-ed-i	verb;FUT;ANTIP
āġrudum	āġr-ud-o-m	verb;NEG;TR.PFV;3A.SG
šummanniž	šumm+a+ni-ne-ž	noun;RELAT.SG;ERG
piġīe	piġ-i-en	verb;MOD.AG;3JUSS
aiuda	aiu-da	noun;DIR
pabannaže	paba+ni-na-až-ve	noun;RELAT.PL;PL;GEN
purallinninažal	fōr+all+i+nni-na-až-a=l	noun;RELAT.PL;PL;DAT/ESS;3PL.ABS
nīvāži	nīv+ā+že	noun;ABS
uwamuwā	uwi-a=m	noun;ESS;2SG.ABS
aġrušḫini	aġr+o+šḫe-ne	noun;ABL/INS
ažōġini	až+oġi-ne-e	noun;RELAT.SG;DIR/LOC
surgi	surgi	noun;ABS
šīnda	šind-a	verb;INT
ḫanumbasḫi	ḫan+u+mb+a+sḫe	noun;ABS
kapšuġāl	kapš+o+ġe-a=l	noun;ESS;3PL.ABS
talmanalla	talm+a+ni-a=lla	noun;ESS;3PL.ABS
fōrīman	fōri-i=man	noun;3POSS.SG.ABS;CON
tagima	tagi=ma	noun;ABS;CON
anagina	anagi-na	noun;RELAT.PL.ABS
ōššōmai	ōšš-o+m+ai	verb;CVB
ḫuenivan	ḫowe+ni-i-va=an	noun;3POSS.SG;DAT;CON
nūma	nūmi-a	noun;ESS
irdōvānninibi	irdōv+ā+nni-ne-ve	noun;RELAT.SG;GEN
tidiam	tīd-i-a=m	verb;TR;3A.SG;CON
ḫerida	ḫeri-da	noun;DIR
nešši	nešši	noun;ABS
kibulaēšša	kev-o-l-ai-ž=nna	verb;MOD.PAT;l;PURP;ž;3SG.ABS
teġulli	teġ-ol-i-le	verb;ol;MOD.AG;1JUSS
ēlmirġi	elm+ir+ġe	noun;ABS
kīzirriva	kīziri-ne-va	noun;RELAT.SG;DAT
idna	id+ni-a	noun;ESS
ḫeldāralla	ḫild+ār+i-a=lla	noun;ESS;3PL.ABS
karžida	karži-da	noun;DIR
eginniniž	ege+nni-ne-ž	noun;RELAT.SG;ERG
šurrū	šurr-u	verb;MED
amanniniba	am+a+nni-ne-va	noun;RELAT.SG;DAT
ḫalzēni	ḫalze-ne-e	noun;RELAT.SG;DIR/LOC
tariġini	tar+i+ġe-ne	noun;ABL/INS
allai	ālla+i	noun;ABS
kelde	kel+di	noun;ABS
ḫāġippinama	ḫāġi-v-ve-na=ma	noun;2POSS.SG;GEN;RELAT.PL.ABS;CON
tapḫaštib	tapḫ-ašt-i-b	verb;RES;ANTIP;b
šīnzima	šin+ze=ma	NUM;ABS;CON
kamallenna	kamali-ne-nna	noun;RELAT.SG;EQU2
lēli	leli	noun;ABS
mīrrīž	mīri-ne-ž	noun;RELAT.SG;ERG
taškarġi	taškar+ġe	noun;ABS
tugrišḫi	tugriž-ġe	noun;ADJ.ABS
ūna	uw+o+ni-a	noun;ESS
iġarā	iġari-a	noun;ESS
teiai	tei-ae	ADJ;INS
tānaštīb	tān-ašt-i-b	verb;RES;ANTIP;b
ivi	iv-i	verb;TR.IMP
nūma	nūm-a	verb;INT
kirmana	kir+man-a	NUM;ESS
tumniam	tomni-i-a=m	NUM;3POSS.SG;ESS;CON
nippilōva	nippilova-a	noun;ESS
šūranni	šūr+a+nni	noun;ABS
avaštiž	av-ašt-i-ež	verb;RES;MOD.AG;OPT
ūmmumaššiniva	umm-o-m-ašše-ne-va	verb;TR.PFV;3A.SG;NMLZ;RELAT.SG;DAT
šūgēma	šūgē=ma	noun;ABS;CON
ēlgilla	ēlgi-i=lla	noun;3POSS.SG.ABS;3PL.ABS
šubribi	šubri-ve	noun;GEN
šarrumman	šarrumma=n	noun;ABS;3SG.ABS
tabenduž	tab-ind-o-ež	verb;PL.A;MOD.PAT;OPT
lablaḫḫinida	labla+ḫḫe-ne-da	noun;RELAT.SG;DIR
alulbi	alulbi	noun;ABS
temmāni	temm-an-i	verb;an;ANTIP
ḫāžažib	ḫāž+a+že-v	noun;2POSS.SG.ABS
sukki	sukk-i	verb;ANTIP
kūmdenivenin	kūm+de-ne-ve-ne-e=n	noun;RELAT.SG;GEN;RELAT.SG;DIR/LOC;3SG.ABS
erōliva	er-o-l-eva	verb;MOD.PAT;l;POT
nāwunni	nāū+nni	noun;ABS
arire	ar+i+re	noun;ABS
kappilivaž	kapp-i-l-eva-ž	verb;MOD.AG;l;POT;ž
aguda	ago-da	PRON;DIR
parġida	parġi-da	noun;DIR
teššīe	tešše-e	noun;3POSS.SG.ABS
pāġiž	pāġ-i-ež	verb;MOD.AG;OPT
futkina	fut+ki-na	noun;RELAT.PL.ABS
uittani	uw+ett+a+ni	noun;ABS
ānnež	ani-ne-ž	noun;RELAT.SG;ERG
šuwannāža	šuw+a+ni-na-až-a	noun;RELAT.PL;PL;DAT/ESS
ūmbiža	ūmb+i+že-a	noun;ESS
kadi	kadi	noun;ABS
pāštōm	pa-ašt-o-m	verb;RES;TR.PFV;3A.SG
salaštu	sal-ašt-o	verb;RES;MOD.PAT
šīadi	šīadi	noun;ABS
alāži	al+ā+že	noun;ABS
subitta	sub-ed-d-a	verb;FUT;PL.A;3A
ūrġāb	ūrġ-a-b	verb;INT;b
ḫinnim	ḫenni=m	ADV;CON
sūleška	sūl+eški-a	noun;ESS
kuninibi	kune-ne-ve	noun;RELAT.SG;GEN
kašti	kašti	noun;ABS
tārra	tāri-na	noun;RELAT.PL.ABS
tā+na	tān-a	verb;INT
nūbi	nubi	NUM;ABS
abinam	avi+n=m	ADV;COM
kapšalla	kapšalla	noun;ABS
paġandarri	paġ+and+ar+i-ne	noun;ABL/INS
armuž	armi-ož	noun;EQU
pēduġa	pēd+uġ-a	verb;INT
šarrina	šarri-na	noun;RELAT.PL.ABS
ula	oli-a	PRON;ESS
tibāġa	tiv-aġ-a	verb;aġ;3A.SG
šadna	šadn-a	verb;INT
suguġēda	sug-oġ-ed-a	verb;oġ;FUT;3A.SG
ḫōžurraža	ḫōžuri-na-až-a	noun;RELAT.PL;PL;DAT/ESS
āštiba	āšte-va	noun;DAT
sōšša	sōšš-a	noun;INT
sāssari	sāss+ar+i	noun;ABS
inġad	inġi-a=d	noun;ESS;1SG.ABS
tali	tal-i	verb;ANTIP
āllaniva	āllāni-va	noun;DAT
šēnima	šiye-ne-e=ma	noun;RELAT.SG;DIR/LOC;CON
šāvalam	šāv+al-a=m	verb;INT.IMP;2SG.ABS
mādi	mādi	noun;ABS
ūpšīb	ūpš-i-b	verb;ANTIP;b
tūnimmuššuḫḫa	tūn+imm+o+šš+oḫḫe-a	noun;ESS
amattena	ammatte-na	ADJ;RELAT.PL.ABS
kaganidama	kaġ+a+ni-da=ma	noun;DIR;CON
īa	īa	CONJ
īpšadenen	īpšade-ne-n	noun;RELAT.SG;ABL/INS
nakti	nak-d-i	verb;d;ANTIP
ḫōiġia	ḫō+i+ġe-i-a	noun;3POSS.SG;ESS
tāġi	tāġ-i	verb;ANTIP
auliž	aoli-ž	noun;ERG
ōlma	ōl+mi-a	noun;ESS
ḫāulimāīn	ḫa-ol-i+m+ai-n	verb;ol;CVB;n
andillam	andi=lla=m	PRON;ABS;3PL.ABS;CON
atḫalve	atḫalve	noun;ABS
ebri	evri	noun;ABS
šāmanni	šāmani-ne	noun;ABL/INS
arīvin	ari-i-ve=n	verb;3POSS.SG;GEN;3SG.ABS
agi	ag-i	verb;ANTIP
šerže	šer+že	noun;ABS
teššena	tešše-na	noun;RELAT.PL.ABS
taġinež	tāġe-ne-ž	noun;RELAT.SG;ERG
ardinin	arde-ne-e=n	noun;RELAT.SG;DIR/LOC;3SG.ABS
mānie	mānne	PRON;ABS
enež	eni-ž	noun;ERG
āmmanniniva	āmm+a+nni-ne-va	noun;RELAT.SG;DAT
tarmanna	tarm+a+ni-na	noun;RELAT.PL.ABS
nammallāža	namli-na-až-a	noun;RELAT.PL;PL;DAT/ESS
šēriž	šēri-ž	noun;ERG
egennin	ege+nni-n	noun;ABL/INS
šūžiž	šūži-i-ž	noun;3POSS.SG;ERG
abalġi	abal+ġe	noun;ABS
aštāgabi	aštaga-ve	noun;GEN
mādida	mādi-da	noun;DIR
eguššellandin	eg+o+šš-ill-and-i-n	verb;ill;PL.A;MOD.AG;n
tuppini	tuppi-ne-e	noun;RELAT.SG;DIR/LOC
ḫillēl	ḫill-i=l	verb;TR.IMP;3PL.ABS
puranzipḫināža	puranziḫ-ve-na-až-a	noun;GEN;RELAT.PL;PL;DAT/ESS
nātḫa	natḫi-a	noun;ESS
šendamennīn	šendamenni=n	noun;ABS;3SG.ABS
kādala	kad-al-a	verb;al;INT
ḫōrāmi	ḫōrāmi	noun;ABS
kāllež	kāli-ne-ž	noun;RELAT.SG;ERG
sigarullinež	sig+ar+ulli-ne-ž	noun;RELAT.SG;ERG
kibašši	kev+a+šše	noun;ABS
šeġurnibāe	šeġor+ni-ve-ae	noun;GEN;INS
āġmižarriž	āġmižari-ne-ž	noun;RELAT.SG;ERG
kīli	kili	noun;ABS
tabrinnež	tabrini-ne-ž	noun;RELAT.SG;ERG
āštašḫini	āšt+a+šḫe-ne	noun;ABL/INS
paini	pāini	noun;ABS
kula	kol-a	verb;INT
arōlawunna	ar-ol-aw=nna	verb;ol;1A.SG;3SG.ABS
šuēž	šu-i-ež	verb;MOD.AG;OPT
kiraraštum	kir-ar-ašt-o-m	verb;ITER;RES;TR.PFV;3A.SG
šumminnam	šummi+n=nna=m	ADV;3SG.ABS;CON
urġa	ūrġi-a	noun;ESS
ištāni	ištani	POST
navanida	nav-an-ed-a	verb;CAUS;FUT;3A.SG
šarri	šarri	noun;ABS
adēma	ade=ma	noun;ABS;CON
šialēri	šial-i-re	verb;AG;PTCP.ABS
ḫanirra	ḫan+i+re-na	noun;RELAT.PL.ABS
pēġulaballa	pēġulabi-a=lla	noun;ESS;3PL.ABS
kažiarrinel	kažiari-ne-ne=l	noun;RELAT.SG;ABL/INS;3PL.ABS
pāenib	pāeni-v	noun;2POSS.SG.ABS
itka	itk-a	verb;INT
šēža	šēžē-a	NUM;ESS
šūgi	šūgi	noun;ABS
šūri	šūr-i	verb;ANTIP
tupḫa	tupḫ-a	verb;INT
šeġalulēž	šeġal-o-l-ež	verb;MOD.PAT;l;OPT
ēbrivē	evri-i-ve	noun;3POSS.SG;GEN
nabnida	nabni-da	noun;DIR
forili	for-i-le	verb;MOD.AG;1JUSS
kundāri	kundāri	noun;ABS
eguššina	eg+o+šše-na	noun;RELAT.PL.ABS
avida	avi-i-da	noun;3POSS.SG;DIR
šarri	šarr-i	verb;ANTIP
kišḫini	kešḫi-ne	noun;ABL/INS
šažarri	šažari-ne-e	noun;RELAT.SG;DIR/LOC
šallaēnel	šallaie-ne-e=l	noun;RELAT.SG;DIR/LOC;3PL.ABS
kuzuġi	kuz-oġ-i	verb;oġ;ANTIP
ḫāllāi	ḫāl-i-l-ai	verb;MOD.AG;l;PURP
itkurinella	itk-o-re-ne-e=lla	verb;PAT;PTCP;RELAT.SG;DIR/LOC;3PL.ABS
igināžuž	igi-na-až-ož	noun;RELAT.PL;PL;ERG
allumāda	allum+āde-a	noun;ESS
itkalzinibi	itkal+zi-ne-ve	noun;RELAT.SG;GEN
eginiž	egi-ne-ž	noun;RELAT.SG;ERG
ḫeldeni	ḫelde-ne	noun;ABL/INS
fōrullibina	fōroli-ne-ve-na	noun;RELAT.SG;GEN;RELAT.PL.ABS
aīn	ai=n	CONJ;3SG.ABS
kutkūda	kut+kūd-a	verb;3A.SG
fāra	fār-a	verb;INT
šarrinibi	šarri-ne-ve	noun;RELAT.SG;GEN
niġe	niġe	noun;ABS
teššināža	tešše-na-až-a	noun;RELAT.PL;PL;DAT/ESS
tēadin	tēi+ade-n	noun;ABL/INS
kīdāba	kīdāvi-a	noun;ESS
tulbulimaža	tulbuli+m+a+že-a	noun;ESS
sibariba	sib+ar+i-i-va	noun;3POSS.SG;DAT
naunnaža	nau+ni-na-až-a	noun;RELAT.PL;PL;DAT/ESS
purullibi	fōroli-ne-ve	noun;RELAT.SG;GEN
tāpšūlāw	tāpš-ol-aw	verb;ol;1A.SG
kāzuž	kāze-ož	noun;EQU
alda	aldi-a	noun;ESS
kāvāl	kāvi-a=l	noun;ESS;3PL.ABS
tibib	tive-v	noun;2POSS.SG.ABS
arni	arni	noun;ABS
avālġi	av+al+ġe	noun;ABS
šukkua	šukk-u-a	verb;MED;3A.SG
uminnāži	omini-na-až-ve	noun;RELAT.PL;PL;GEN
māški	māški	noun;ABS
ḫōdanna	ḫōd+a+nni-a	noun;ESS
ḫavāḫḫōbada	ḫav+āḫḫ+ō+bade-a	noun;ESS
šinubini	šinubi-ne	noun;ABL/INS
sūldu	sūl-id-o	verb;PL.A;TR.PFV
težuġarġināži	tež+uġ+ar+ġe-na-až-ve	noun;RELAT.PL;PL;GEN
nānašti	nān-ašt-i	verb;RES;TR.IMP
ašḫužikkunnibi	āšḫ+ož+i+kk+o+nni-ve	noun;GEN
ēnġa	ēnġi-a	noun;ESS
sigalduži	sig+al-d-ož-i	verb;d;PST;ANTIP
ažiwlai	ažiuli-ae	noun;INS
kadenduž	kad-ind-o-ež	verb;PL.A;MOD.PAT;OPT
ḫōlulidu	ḫōl-ol-id-o	verb;ol;PL.A;TR.PFV
šīwullēm	šī-ul-i-le=m	verb;ul;MOD.AG;1JUSS;CON
ueruḫḫāl	uwer+o+ḫḫe-a=l	noun;ESS;3PL.ABS
pendōvalla	pend-u-a=lla	verb;MED;3A.SG;3PL.ABS
ḫōpten	ḫōpte-n	noun;ABL/INS
urunnin	or+o+nni-n	noun;ABL/INS
akkadeni	akk+ade-ne	noun;ABL/INS
kanzukkam	kanz-o-kko=m	verb;INT;NEG;2SG.ABS
aštēna	āšte-na	noun;RELAT.PL.ABS
umban	umba=an	noun;ABS;CON
taržuwanna	taržuwa+ni-na	noun;RELAT.PL.ABS
ēbrinniž	ever+ni-ne-ž	noun;RELAT.SG;ERG
ḫežminiž	ḫižmi-ne-ž	noun;RELAT.SG;ERG
tebušḫa	tiv+o+šḫi-a	noun;ESS
ādaž	atta-ž	noun;ERG
tešcuppi	teššob-ve	noun;GEN
ōššunila	ōšš+o+ni-i=lla	noun;3POSS.SG.ABS;3PL.ABS
melaḫḫum	mel+aḫḫ-o-m	verb;TR.PFV;3A.SG
kulimmāššōḫḫa	kul+i+mm+ā+šš+ō+ḫḫe-a	noun;ESS
šīenāže	šiye-na-až-ve	noun;RELAT.PL;PL;GEN
pāri	pāri	noun;ABS
tiššuḫḫi	tišš+o+ḫḫe	noun;ABS
išten	ište=n	PRON;ABS;CON
kulamudutki	kul+am+ud+ut+ki	noun;ABS
težuġāi	tež+o+ġe-ae	noun;INS
šarārma	šarārmi-a	noun;ESS
ēblam	ēbla=m	noun;ABS;CON
šaržāraima	šaržārai=ma	noun;ABS;CON
pirida	pir-ed-a	verb;FUT;3A.SG
nurāšše	nur+ā+šše	noun;ABS
ašḫaštaġe	ašḫ+ašt+a+ḫḫe	noun;ABS
paġedab	pāġ-ed-aw	verb;FUT;1A.SG
pittugalliaž	pittugalli-i-až	noun;3POSS;PL.ABS
agāve	aga-ve	noun;GEN
aveda	ave-da	PRON;DIR
manzōrāma	manu-ž-ora=ma	PRON;PL;COM;CON
kippēna	kippe-na	noun;RELAT.PL.ABS
ḫažāe	ḫāži-ae	noun;INS
tattin	tatti-n	noun;ABL/INS
sūlūža	sūl-ož-a	verb;PST;3A.SG
munuž	muni-ož	noun;EQU
šubribinibi	šubri-ve-ne-ve	noun;GEN;RELAT.SG;GEN
šarža	šarže-a	noun;ESS
kažlōža	kažl-ož-a	verb;PST;3A.SG
kišḫida	kešḫi-da	noun;DIR
ḫārapḫaēm	ḫār+a+ġe-ve-ae=m	noun;GEN;INS;2SG.ABS
adāni	ad+ā+ni	noun;ABS
nāninduža	nān-ind-o-ež=nna	verb;PL.A;MOD.PAT;OPT;3SG.ABS
īamma	īa=mma	ADV;2SG.ABS
marašte	mar-ašt-i	verb;RES;ANTIP
fāžanna	fāžani-na	noun;RELAT.PL.ABS
unōži	un-ož-i	verb;PST;ANTIP
pābelġa	pābel+ġe-a	noun;ESS
šukkunna	šukk+o+ni-na	noun;RELAT.PL.ABS
tadida	tad-id-a	verb;PL.A;3A
ūžamma	uw+o+že-a=mma	noun;ESS;2SG.ABS
kapšuġāma	kapš+o+ġe-a=ma	noun;ESS;CON
ḫōdinaži	ḫōde-na-až-ve	noun;RELAT.PL;PL;GEN
pižešḫum	piž+ešḫ-o-m	verb;TR.PFV;3A.SG
šūwarudanam	šūw-ar-u-d-a=n=m	verb;ITER;MED;PL.A;3A;3SG.ABS;CON
iži	iži	noun;ABS
tapšaġuḫḫa	tapš+aġ+o+ḫḫe-a	noun;ESS
kadia	kad-i-a	verb;TR;3A.SG
ubuwen	ub-o-va-en	verb;MOD.PAT;NEG;3JUSS
mādinibi	mādi-ne-ve	noun;RELAT.SG;GEN
anzini	anzi-ne	noun;ABL/INS
āštenibi	āšte-ne-ve	noun;RELAT.SG;GEN
tavaštōm	tav-ašt-o-m	verb;RES;TR.PFV;3A.SG
užu	už-u	verb;MED
ežežal	ežeži-a=l	noun;ESS;3PL.ABS
amudōbadi	am+ud-o-vade	verb;PAT;ADJ.NEG.ABS
ḫāōppul	ḫa-uffu=l	verb;1A.SG.NEG;3PL.ABS
kōruppi	kōruppi	noun;ABS
ḫamarražena	ḫam+ar+i-na-až-ve-na	noun;RELAT.PL;PL;GEN;RELAT.PL.ABS
naġmazulel	naġmazuli-ž=l	noun;ERG;3PL.ABS
kōruppi	kōr-upp-i	verb;upp;ANTIP
aruwallāenama	aruwallāe-na=ma	noun;RELAT.PL.ABS;CON
unadel	un-a=dil	verb;INT;1PL.ABS
šōrin	šōri-n	noun;ABL/INS
azalda	az-al-d-a	verb;al;d;INT
ḫōiġiani	ḫō+i+ġe-i-ane	noun;3POSS.SG;ABL/INS
uštiġi	ošt+i+ġe	noun;ABS
manzōž	man-z-ož	PRON;PL;ERG
ḫaburnin	ḫavor+ni-n	noun;ABL/INS
kāri	kar-i	verb;ANTIP
tibōšḫi	tiv+o+šḫi	noun;ABS
paġli	paġ+li	noun;ABS
adaššībi	ad+a+šše-ve	noun;GEN
forāna	for+āna	noun;ABS
tabaštili	tab-ašt-i-le	verb;RES;MOD.AG;1JUSS
šēġalum	šeġal-o-m	verb;TR.PFV;3A.SG
šīġa	šīġ-a	verb;INT
šīwḫa	šīuġi-a	noun;ESS
aġarribāe	aġri-ne-ve-ae	noun;RELAT.SG;GEN;INS
šelōlidu	šel-ol-id-o	verb;ol;PL.A;TR.PFV
niga	nigi-a	noun;ESS
umbōž	umb-o-ež	verb;MOD.PAT;OPT
talavoži	talāv+o+že	ADJ;ABS
šumunnibi	šumni-ne-ve	noun;RELAT.SG;GEN
ḫōdenažuž	ḫōde-na-až-ož	noun;RELAT.PL;PL;ERG
aninie	ane-ne	PRON;ABL/INS
šeridab	šer-ed-aw	verb;FUT;1A.SG
ažaštib	až-ašt-i-b	verb;RES;ANTIP;b
ḫōdannibāe	ḫōd+a+nni-ve-ae	noun;GEN;INS
tārinni	tar+i+nni	noun;ABS
nažāgi	naž-ag-i	verb;ag;ANTIP
adamġi	ad+am+ġe	noun;ABS
šeġruž	šeġr-o-ež	verb;MOD.PAT;OPT
titta	titti-a	noun;ESS
fiwta	fē-oda	PRON;DIR
āllānima	āllāni=ma	noun;ABS;CON
šukkunna	šokko=nna	NUM;3SG.ABS
ižuġnai	ižuġ+ni-ae	noun;INS
uwal	uw-a=l	verb;INT;3PL.ABS
fāġadi	fāġadi	noun;ABS
navanida	navani-da	noun;DIR
ōštannōġa	ōšt+a+nn+ō+ġe-a	noun;ESS
āpši	apše	noun;ABS
ḫavorunnen	ḫavor+ni-ne-n	noun;RELAT.SG;ABL/INS
eġarribinidal	eġari-ne-ve-ne-da=l	noun;RELAT.SG;GEN;RELAT.SG;DIR;3PL.ABS
idni	id+ni	noun;ABS
tamgina	tamgina	noun
kažalla	kāž-a=lla	verb;INT;3PL.ABS
ḫāšši	ḫašši	noun;ABS
kūmurrida	kūmuri-ne-da	noun;RELAT.SG;DIR
šōruž	šōri-ož	noun;EQU
ḫānie	ḫāni-e	noun;3POSS.SG.ABS
šinzuḫḫamma	šin+z+o+ḫḫe-a=mma	ADV;ESS;CON
šāġlēž	šāġl-i-ež	verb;MOD.AG;OPT
ibima	ibi-i=ma	noun;3POSS.SG.ABS;CON
eguššulēž	eg+o+šš-o-l-ež	verb;MOD.PAT;l;OPT
arōluda	ar-ol-u-d-a	verb;ol;MED;PL.A;3A
tāġid	tāġe=d	noun;ABS;1SG.ABS
tatḫinibi	tatḫi-ne-ve	noun;RELAT.SG;GEN
nave	nave	noun;ABS
šeġri	šeġri	noun;ABS
kēški	keški	NUM;ABS
nīvarīuž	nīv+ar+i-i-ož	noun;3POSS.SG;EQU
naīanie	nai-i-ane	noun;3POSS.SG;ABL/INS
ḫārrēma	ḫāri-ne-e=ma	noun;RELAT.SG;DIR/LOC;CON
idiaž	idi-i-až	noun;3POSS;PL.ABS
pārgiaž	pārgi-i-až	noun;3POSS;PL.ABS
kuldim	kul-d-i=m	verb;d;TR.IMP;2SG.ABS
ittili	itt-i-le	verb;MOD.AG;1JUSS
ḫillamen	ḫill-am-i-en	verb;FACT;MOD.AG;3JUSS
šīenella	šiye-ne-e=lla	noun;RELAT.SG;DIR/LOC;3PL.ABS
sangandi	sangandi	noun;ABS
keldiani	kel+di-i-ane	noun;3POSS.SG;ABL/INS
ila	il-a	verb;INT
šadōži	šad-ož-i	verb;PST;ANTIP
ēšḫi	ēšḫi	noun;ABS
pizigarraž	pizigarra-ž	noun;ERG
kuldubin	kuldubi-n	noun;ABL/INS
kažlužellandin	kažl-ož-ill-and-i-n	verb;ož;ill;PL.A;MOD.AG;n
nēġārža	nēġār+že-a	noun;ESS
šīad	šiye-a=d	noun;ESS;1SG.ABS
ižinibāin	iži-ne-ve-ae=n	noun;RELAT.SG;GEN;INS;3SG.ABS
tivinām	tive-na=m	noun;RELAT.PL.ABS;CON
tummininna	tummi-ne-e=nna	noun;RELAT.SG;DIR/LOC;3SG.ABS
igingališḫīnamma	igingališ-ġe-na=mma	noun;ADJ;RELAT.PL.ABS;CON
purandinel	purandi-ne-ž=l	noun;RELAT.SG;ERG;3PL.ABS
šeġri	šeġr-i	verb;ANTIP
kaškan	kaška=an	noun;ABS;CON
talabōžinaža	talāv+o+že-na-až-a	ADJ;RELAT.PL;PL;DAT/ESS
šumi	šum-i	verb;ANTIP
pendukku	pend-o-kko	verb;INT;NEG
šānnež	šāni-ne-ž	noun;RELAT.SG;ERG
sūlūde	sūl+ūde	noun;ABS
ḫāžarinna	ḫāž+ar+i-i-nna	noun;3POSS.SG;EQU2
alaluž	alalu-ž	noun;ERG
kažiari	kažiari	noun;ABS
fēḫḫēda	fēḫḫi-e-da	noun;3POSS.SG;DIR
idennanež	idenna-ne-ž	noun;RELAT.SG;ERG
ulluliž	oll-o-l-ež	verb;MOD.PAT;l;OPT
numribi	numri-i-ve	noun;3POSS.SG;GEN
ḫalban	ḫalba-a=an	noun;ESS;CON
tadida	tādi-da	noun;DIR
aiangurin	aianguri=n	noun;ABS;3SG.ABS
simminie	simmi-ne	noun;ABL/INS
niržida	nir+že-da	ADJ;DIR
pandari	pand+ar+i	noun;ABS
neššidal	nešši-da=l	noun;DIR;3PL.ABS
tebini	tive-ne	noun;ABL/INS
sarmadenin	sarmade-ne-n	noun;RELAT.SG;ABL/INS
tānuže	tān+o+že	noun;ABS
aigalduda	aigaldu-da	noun;DIR
ēlgi	ēlgi	noun;ABS
kešḫenāži	kešḫi-na-až-ve	noun;RELAT.PL;PL;GEN
ḫiaruḫḫa	ḫi+ar+o+ḫḫe-a	noun;ESS
arulli	ar-ol-i-le	verb;ol;MOD.AG;1JUSS
kašti	kaš-d-i	verb;d;ANTIP
eġlibina	eġli-ve-na	noun;GEN;RELAT.PL.ABS
egi	eg-i	verb;ANTIP
tōpšida	tōpši-da	noun;DIR
ḫežāla	ḫež+āl-a	verb;INT
tāri	tāri	noun;ABS
šeġurunnivini	šeġor+ni-ne-ve-ne-e	noun;RELAT.SG;GEN;RELAT.SG;DIR/LOC
aġarribināža	aġri-ne-ve-na-až-a	noun;RELAT.SG;GEN;RELAT.PL;PL;DAT/ESS
ḫōdedemaen	ḫōd-i+m+ai-n	verb;CVB;n
awfa	a-u-a	verb;MED;3A.SG
tagulēž	tag-o-l-ež	verb;MOD.PAT;l;OPT
umbundurinidal	umb+und+o+re-ne-da=l	noun;RELAT.SG;DIR;3PL.ABS
urunni	or+o+nni	noun;ABS
abin	avi-i-n	noun;3POSS.SG;ABL/INS
sūwe	sūve	noun;ABS
aguma	ag-o+m+ai	verb;CVB
tarmannibina	tarm+a+ni-ne-ve-na	noun;RELAT.SG;GEN;RELAT.PL.ABS
ēšḫi	ēšḫ-i	verb;ANTIP
kulimāššināža	kul+i+m+ā+šše-na-až-a	noun;RELAT.PL;PL;DAT/ESS
ēārež	ēyari-ž	noun;ERG
aštuḫḫinažuž	ašt+o+ḫḫe-na-až-ož	ADJ;RELAT.PL;PL;ERG
aġuina	aġui-na	noun;RELAT.PL.ABS
ḫōili	ḫō-i-le	verb;MOD.AG;1JUSS
ḫōžellandin	ḫōž-ill-and-i-n	verb;ill;PL.A;MOD.AG;n
ažammu	až-amm-o	verb;FACT;2A.SG
mužunni	mužunni	noun
talmu	talm-o	verb;MOD.AG
itkalzai	itkal+zi-ae	noun;INS
itkannim	itk-i-anni=m	verb;MOD.AG;DESID;2SG.ABS
šēni	šena-i	noun;3POSS.SG.ABS
iškidu	išk-id-o	verb;PL.A;TR.PFV
kulmurri	kulm+o+re-ne	noun;ABL/INS
uinež	uwi-ne-ž	noun;RELAT.SG;ERG
ḫenni	ḫenni	ADV
aranziġōba	aranziġō-va	noun;DAT
kubaġāe	kubaġi-ae	noun;INS
tadanida	tad-an-ed-a	verb;an;FUT;3A.SG
agabēnāža	aga-ve-na-až-a	noun;GEN;RELAT.PL;PL;DAT/ESS
talaḫḫōm	tal-aḫḫ-o-m	verb;aḫḫ;TR.PFV;3A.SG
eženibi	eže-ne-ve	noun;RELAT.SG;GEN
ikkammašši	ikk+amm+a+šše	noun;ABS
tāna	tāni-a	noun;ESS
ḫāni	ḫāni	noun;ABS
edukku	ed-o-kko	verb;INT;NEG
težāe	teži-ae	noun;INS
mān	mā=an	CONJ;CON
paġrōžina	faġr+o+že-na	ADJ;RELAT.PL.ABS
pōnġib	pōnġi-v	noun;2POSS.SG.ABS
ālva	ālvi-a	noun;ESS
paššitḫa	pāšš+i+tḫe-a	noun;ESS
allannida	āllāni-ne-da	noun;RELAT.SG;DIR
kiptaneda	kip-d-an-ed-a	verb;d;an;FUT;3A.SG
sitkab	sitk-a-b	verb;INT;b
pindōli	pend-ol-i	verb;ol;ANTIP
šāttīdu	šātt-id-o	verb;PL.A;TR.PFV
fāžel	faž-i=l	verb;TR.IMP;3PL.ABS
fēžuda	fē-ž-oda	PRON;PL;DIR
tapšaḫḫa	tapš+āġ+i-a	noun;ESS
armuž	arm-o-ež	verb;MOD.PAT;OPT
ḫāžēra	ḫāžeri-a	noun;ESS
tāgidura	tāgidu-ra	noun;COM
āġrāi	aġri-ae	noun;INS
pulidibāe	pul+idi-ve-ae	noun;GEN;INS
šummida	šummi-da	ADJ;DIR
fažēda	faž-ed-a	verb;FUT;3A.SG
nīrib	nir-i-b	verb;ANTIP;b
ōrdeba	ōr+d-i-eva	verb;MOD.AG;POT
falukku	fal-o-kko	verb;INT;NEG
ubīn	ub-i-en	verb;MOD.AG;3JUSS
kurgōrveašša	kurgōrvi-i-až=nna	noun;3POSS;PL.ABS;3SG.ABS
tīb	tiye-v	noun;2POSS.SG.ABS
mānura	manu-ra	PRON;COM
šelli	šelli	noun;ABS
taržuwanzi	taržuwa+n+zi	noun;ABS
adi	adi	ADV
uġōni	oġ+o+ni	noun;ABS
arde	arde	noun;ABS
izūza	izuzi-a	noun;ESS
ardeni	arde-ne	noun;ABL/INS
unuž	un-o-ež	verb;MOD.PAT;OPT
šūpta	šūpti-a	noun;ESS
ažužellandin	až+ož-ill-and-i-n	verb;ill;PL.A;MOD.AG;n
ōlmišši	ōl+mi-šši	noun;2POSS.PL.ABS
ārdīma	arde-i=ma	noun;3POSS.SG.ABS;CON
šēduilianiž	šēd+oʾ+ilia-ne-ž	ADJ;RELAT.SG;ERG
ēnna	eni-na	noun;RELAT.PL.ABS
pirugāra	pir+ugāri-a	noun;ESS
ōmmennivā	omini-ne-va	noun;RELAT.SG;DAT
ašḫudan	ašḫo-da=an	noun;DIR;CON
šuwindašši	šu-i-nd-a-šše	verb;TR;PL.A;3A;NMLZ.ABS
aġrāid	aġrā-i=d	verb;ANTIP;1SG.ABS
ubi	ubi	noun;ABS
ammurami	ammurami	noun;ABS
pāġiž	paġi-ž	noun;ERG
taliniba	tāle-ne-va	noun;RELAT.SG;DAT
fenda	fendi-a	noun;ESS
anammi	anammi	ADV
subnīa	subni-i-a	noun;3POSS.SG;ESS
elmāi	elmi-ae	noun;INS
felzab	felz-a-b	verb;INT;b
šattidel	šatti=dil	PRON;ABS;1PL.ABS
pīarida	pīari-da	noun;DIR
univatta	un-i-eva=tta	verb;MOD.AG;POT;1SG.ABS
šinzi	šin+ze	NUM;ABS
tuiba	tui-i-va	noun;3POSS.SG;DAT
serrēnež	serrē-ne-ž	noun;RELAT.SG;ERG
itkalzinibina	itkal+zi-ne-ve-na	noun;RELAT.SG;GEN;RELAT.PL.ABS
indannim	ind-i-anni=m	verb;MOD.AG;DESID;CON
šīel	šī-i=l	noun;3POSS.SG.ABS;3PL.ABS
āġri	aġri	noun;ABS
ḫažaštili	ḫaž-ašt-i-le	verb;RES;MOD.AG;1JUSS
itkula	itk-ol-a	verb;ol;3A.SG
pāžia	fāži-i-a	noun;3POSS.SG;ESS
forima	for-i=ma	verb;ANTIP;CON
taržuwannibi	taržuwa+ni-ne-ve	noun;RELAT.SG;GEN
šāġari	šāġ+ar+i	noun;ABS
ḫižma	ḫižm-a	verb;INT
nurandiġinina	nurandiġi-nna	noun;EQU2
pirrib	pirr-i-b	verb;ANTIP;b
kūdaīž	kud-i-ai-ž	verb;MOD.AG;PURP;ž
foruššuenim	for-ušš-o-en-i=m	verb;ušš;MOD.PAT;3JUSS;EPNTH;CON
alēōb	alē-o-m	verb;TR.PFV;3A.SG
pellēni	pille-ne-e	noun;RELAT.SG;DIR/LOC
kalbuġēda	kalb-oġ-ed-a	verb;oġ;FUT;3A.SG
ūlluž	ūllu-ž	noun;ERG
ōrdōž	ōr+d-o-ež	verb;MOD.PAT;OPT
tarže	tarže	noun;ABS
passa	passi-a	noun;ESS
aga	agi-a	noun;ESS
šīri	šīr-i	verb;ANTIP
agi	agi	noun;ABS
pendiža	pend-iž-a	verb;iž;3A.SG
sugmuštab	sugm-ušt-a-b	verb;RES;INT;b
ḫāžažib	ḫaž-až-i-b	verb;až;ANTIP;b
ižīma	iži-i=ma	noun;3POSS.SG.ABS;CON
meġa	meġ-a	verb;INT
nelġa	nelġi-a	noun;ESS
erāna	er+āna	noun;ABS
maġōrri	maġōri-ne	noun;ABL/INS
pugulba	pugulbi-a	noun;ESS
madla	mad-l-a	verb;l;INT
āštenna	āšte-i-nna	noun;3POSS.SG;EQU2
tūnidu	tūn-id-o	verb;PL.A;TR.PFV
uraēna	uraē-na	noun;RELAT.PL.ABS
šōniba	šō+ni-i-va	noun;3POSS.SG;DAT
taripti	tar+i+pt+i	noun;ABS
tilulōštab	til+ol-ošt-aw	verb;RES;1A.SG
ḫižmūža	ḫižm+o+že-a	ADJ;ESS
idibi	idi-i-ve	noun;3POSS.SG;GEN
alāži	alāže	CONJ
pāttarrēda	pāttari-ne-da	noun;RELAT.SG;DIR
pindab	pend-a-b	verb;INT;b
mūnuriminida	mūnurimi-ne-da	noun;RELAT.SG;DIR
kapša	kapši-a	noun;ESS
talaštāw	tal-ašt-aw	verb;RES;1A.SG
temmāni	temm+ā+ni	noun;ABS
uētta	uw+ētt-a	verb;INT
ḫalmināžuž	ḫal+mi-na-až-ož	noun;RELAT.PL;PL;ERG
uminnāža	omini-na-až-a	noun;RELAT.PL;PL;DAT/ESS
pōruštugariža	for-ošt-ugar-iž-a	verb;RES;RECIP;iž;3A.SG
tidištēdi	tīd-išt-ed-i	verb;RES;FUT;ANTIP
teḫpa	teḫpi-a	noun;ESS
tālia	tale-i-a	noun;3POSS.SG;ESS
kažalla	kažli-na	noun;RELAT.PL.ABS
uriba	ori-i-va	noun;3POSS.SG;DAT
marninel	marne-ne-e=l	noun;RELAT.SG;DIR/LOC;3PL.ABS
arūžušši	ar-ož-o-šše	verb;PST;2A.SG;NMLZ.ABS
aštenna	āšte-nna	noun;EQU2
ḫerāri	ḫer+ār+i	noun;ABS
āmi	āmi	noun;ABS
egōna	eg+ō+ni-a	ADJ;ESS
šindiž	šind-i-ež	verb;MOD.AG;OPT
eženišša	eže-ne-ž=nna	noun;RELAT.SG;ERG;3SG.ABS
egušši	eg+o+šše	noun;ABS
mana	man-a	PRON;ESS
udipšarin	odip.šarri-n	noun;ABL/INS
ḫōenēmma	ḫowe+ni-e=mma	noun;3POSS.SG.ABS;2SG.ABS
ḫirīdi	ḫir+īdi	noun;ABS
pilāġižiliġa	pil+āġ+i+šše+li+ġe-a	noun;ESS
ušturab	ošt-ur-a-b	verb;ur;INT;b
fōdu	fud-o	verb;MOD.PAT
abi	avi	PREP
nagēri	nagēri	noun;ABS
kakkariani	kakkari-i-ane	noun;3POSS.SG;ABL/INS
taššāmib	taššāmi-v	noun;2POSS.SG.ABS
tāġibi	tāġe-ve	noun;GEN
tebi	tive	noun;ABS
ēbrež	evri-i-ž	noun;3POSS.SG;ERG
kibuppu	kev-uffu	verb;1A.SG.NEG
firiški	fir+iški	noun;ABS
ivā	ivi-a	noun;ESS
karēnažuž	kare-na-až-ož	noun;RELAT.PL;PL;ERG
ḫinzurinna	ḫinzori-nna	noun;EQU2
evarži	ev+ar+že	noun;ABS
pidia	pid-i-a	verb;TR;3A.SG
umbašši	tupp+a+šše	noun;ABS
nakkima	nakk-i=ma	verb;TR.IMP;CON
kumarvenel	kumarve-ne-ž=l	noun;RELAT.SG;ERG;3PL.ABS
kirāži	ker+ā+že	ADJ;ABS
ḫōbānab	ḫōb-an-a-b	verb;an;INT;b
ḫaidu	ḫa-id-o	verb;PL.A;TR.PFV
tē	tēi	ADV
ažiwlai	aži-o-l-ai	verb;MOD.PAT;l;PURP
ḫāiži	ḫā+i+že	noun;ABS
edida	idi-i-da	noun;3POSS.SG;DIR
šeġalulāešša	šeġal-o-l-ai-ž=nna	verb;MOD.PAT;l;PURP;ž;3SG.ABS
turba	torv-a	verb;INT
pabanni	paba+ni	noun;ABS
navari	navari	noun;ABS
ḫižma	ḫižmi-a	noun;ESS
kīdāvae	kīdāvi-ae	noun;INS
ḫuiššeni	ḫo+i+šše-ne	noun;ABL/INS
ḫerinež	ḫeri-ne-ž	noun;RELAT.SG;ERG
ideppa	idi-v-va	noun;2POSS.SG;DAT
itkian	itk-i-a=an	verb;TR;3A.SG;CON
šadna	šadni-a	noun;ESS
pandiažal	fandi-i-až-a=l	noun;3POSS;PL;DAT/ESS;3PL.ABS
kiverra	kevri-na	noun;RELAT.PL.ABS
ḫawsuġa	ḫauz-oġ-a	verb;oġ;INT
tēa	tēa	ADV
šimigi	šimige	noun;ABS
puenāžuž	powe-na-až-ož	noun;RELAT.PL;PL;ERG
tāwumballa	tā-umb-a=lla	verb;umb;3A.SG;3PL.ABS
šerminġinež	šermin+ġe-ne-ž	noun;RELAT.SG;ERG
sīani	si-i-ane	noun;3POSS.SG;ABL/INS
šigadibam	šig+adi-i-va=m	noun;3POSS.SG;DAT;CON
ēḫḫinež	ēḫḫi-ne-ž	noun;RELAT.SG;ERG
šīwullēm	šīūli-ne-e=m	noun;RELAT.SG;DIR/LOC;CON
ḫōpten	ḫōp-d-i-en	verb;d;MOD.AG;3JUSS
kudunib	kuduni-v	noun;2POSS.SG.ABS
enima	eni=ma	noun;ABS;CON
munġīe	munġ-i-en	verb;MOD.AG;3JUSS
egini	egi-ne	noun;ABL/INS
šerġuž	šer+ġe-ož	noun;EQU
ukku	ukk-o	verb;MOD.PAT
taššāmmiž	taššāmi-ž	noun;ERG
pāġidi	pāġ-id-en	verb;PL.A;3JUSS
ummana	ummani-a	noun;ESS
tīa	te-i-a	verb;TR;3A.SG
ani	ani	noun;ABS
ḫavorunni	ḫavor+ni-ne	noun;ABL/INS
naḫḫubaduž	naḫḫ+o+vade-ož	ADJ;EQU
ḫilde	ḫil-id-en	verb;PL.A;3JUSS
ānžalāl	ānž+ali-a=l	noun;ESS;3PL.ABS
pārizinivinama	pārizi-ne-ve-na=ma	noun;RELAT.SG;GEN;RELAT.PL.ABS;CON
mažagum	maž-ag-o-m	verb;ag;TR.PFV;3A.SG
teġida	teġ-ed-a	verb;FUT;3A.SG
sigrōšḫinenna	sigr+ō+šḫe-ne-e=nna	noun;RELAT.SG;DIR/LOC;3SG.ABS
ḫenzādu	ḫenz+ād-u	verb;MED
azusḫa	azusḫi-a	noun;ESS
naēnāža	naīa-na-až-a	noun;RELAT.PL;PL;DAT/ESS
ḫōbiž	ḫōb-i-ež	verb;MOD.AG;OPT
išteni	išteni	PREP
tarmanni	tarm+a+ni-ne	noun;ABL/INS
faġraži	faġr+a+že	ADJ;ABS
ūrġi	ūrġi	noun;ABS
šeēnāžuž	šiye-na-až-ož	noun;RELAT.PL;PL;ERG
pāttīvorriva	pāttīvori-ne-va	noun;RELAT.SG;DAT
urel	ori-i=l	noun;3POSS.SG.ABS;3PL.ABS
egudutki	eg+ud+ut+ki	noun;ABS
šundinna	šundi+ni-na	noun;RELAT.PL.ABS
tunuwarriž	tunuwari-ne-ž	noun;RELAT.SG;ERG
tamarra	tam+ar+i-na	noun;RELAT.PL.ABS
itkōli	itk-ol-i	verb;ol;ANTIP
farižanna	pār-iž-a=nna	verb;iž;INT;3SG.ABS
uīž	uwi-ž	noun;ERG
tāduġeba	tado.ḫeba	noun;ABS
ḫārāpḫāi	ḫār+a+ġe-ve-ae	noun;GEN;INS
mānga	mān+g+a	PRON
kāžukku	kāž-o-kko	verb;INT;NEG
ēblan	ēbla=n	noun;ABS;3SG.ABS
ila	ili-a	noun;ESS
sōīb	sō-i-b	verb;ANTIP;b
sāzulilida	sāz-ol-il-ed-a	verb;ol;il;FUT;3A.SG
šarriniba	šarri-ne-va	noun;RELAT.SG;DAT
aru	ar-o	verb;MOD.PAT
šattaġamōra	šattaġamōri-a	noun;ESS
šavōžiniva	šav+ō+že-ne-va	noun;RELAT.SG;DAT
fogāda	fog-ad-a	verb;ad;INT
kalōvadi	kal-o-vade	noun;PAT;ADJ.NEG.ABS
annel	anni=l	PRON;ABS;3PL.ABS
abalġāe	abal+ġe-ae	noun;INS
annim	anni=m	PRON;ABS;CON
nīnubapḫi	ninuwa-ġe-ve	noun;ADJ;GEN
faikkimān	fa-i-kki=mān	verb;ANTIP;NEG;CON
ibini	ibi-ne	noun;ABL/INS
šāra	šār-a	verb;ESS
ḫellamōla	ḫill-am-ol-a	verb;FACT;ol;3A.SG
ardēn	arde-n	noun;ABL/INS
pabannažuž	paba+ni-na-až-ož	noun;RELAT.PL;PL;ERG
kulziž	kulzi-i-ž	noun;3POSS.SG;ERG
ubilbaeži	ubilbaeži	noun;ABS
fāžanni	fāžani-ne	noun;ABL/INS
ḫebapti	ḫebad-ve	noun;GEN
taržuwāni	taržuwa+ni	noun;ABS
utḫarra	utḫari-na	noun;RELAT.PL.ABS
aġrinninibinida	aġr+i+nni-ne-ve-ne-da	noun;RELAT.SG;GEN;RELAT.SG;DIR
kužuškuženie	kuž+u+šk+o+že-ne	noun;ABL/INS
pāirra	pāiri-na	noun;RELAT.PL.ABS
ḫiaruḫḫināža	ḫi+ar+o+ḫḫe-na-až-a	noun;RELAT.PL;PL;DAT/ESS
šūgatteni	šūgatte-ne	noun;ABL/INS
šubribiniba	šubri-ve-ne-va	noun;GEN;RELAT.SG;DAT
tivušḫini	tiv+o+šḫi-na	noun;RELAT.PL.ABS
eġari	eġari	noun;ABS
padni	padn-i	verb;ANTIP
šēġali	šeġali	ADJ;ABS
mužuniž	mužoni-ž	noun;ERG
uwamuwā	uw-i	verb;ANTIP
telumma	tel-o-m=ma	verb;TR.PFV;3A.SG;CON
ḫupši	ḫupši	noun;ABS
miržāe	mirži-ae	noun;INS
fēluž	fēl-o-ež	verb;MOD.PAT;OPT
ḫavārri	ḫav+ār+i-ne	noun;ABL/INS
nerubādi	nir+o+bāde	ADJ;ABS
egunninin	eg+o+nni-ne-n	ADJ;RELAT.SG;ABL/INS
uri	ori	noun;ABS
šuppaššab	šupp+a+šše-a=m	noun;ESS;CON
šīrna	šīr+ni-a	noun;ESS
munuġuželāi	mun-oġ-ož-i-l-ai	verb;uġ;ož;MOD.AG;l;PURP
āšḫiniba	āšḫi-ne-va	noun;RELAT.SG;DAT
tarbu	tarb-o	verb;MOD.PAT
keššenidal	kešše-ne-da=l	noun;RELAT.SG;DIR;3PL.ABS
nāli	nāl-i	verb;ANTIP
aimān	ai=m=an	CONJ;2SG.ABS;CON
kūninin	kune-ne-e=n	noun;RELAT.SG;DIR/LOC;3SG.ABS
ažāl	aži-a=l	noun;ESS;3PL.ABS
kēlula	kēl-ol-a	verb;ol;3A.SG
eguššuž	eg+o+šš-o-ež	verb;MOD.PAT;OPT
sikkōġa	sikk+o+ġe-a	noun;ESS
malladael	mall+ade-ae=l	noun;INS;3PL.ABS
ḫanibāe	ḫāni-ve-ae	noun;GEN;INS
futkib	fut+ki-v	noun;2POSS.SG.ABS
uba	ub-a	verb;INT
allanōḫḫi	alla+n+o+ḫḫe	ADJ;ABS
ušḫuluppu	ušḫ-ol-uffu	verb;ol;1A.SG.NEG
nakkidāōž	nakk-ed-aw-ž	verb;FUT;1A;PL
šāžarri	šažari-ne	noun;ABL/INS
agidu	ag-id-o	verb;PL.A;TR.PFV
ḫenzā	ḫenzi-a	noun;ESS
āššaežal	āšš-i-ai-ž-a=l	verb;MOD.AG;PURP;ž;EPNTH;3PL.ABS
paḫḫirāžuž	paġari-na-až-ož	noun;RELAT.PL;PL;ERG
ēlmina	elmi-na	noun;RELAT.PL.ABS
irdi	irde-i	noun;3POSS.SG.ABS
ḫarġaraima	ḫarġarai=ma	noun;ABS;CON
pālikkamma	pal-i-kki=mma	verb;ANTIP;NEG;2SG.ABS
šalġōla	šalġ-ol-a	verb;ol;INT.IMP
naḫḫab	naḫḫ-a-b	verb;INT;b
pōrullin	fōroli-ne-n	noun;RELAT.SG;ABL/INS
šummin	šummi-n	ADJ;ABL/INS
šummin	šummi+n	ADV
kēnnādal	kēnn-ad-a=l	verb;ad;INT;3PL.ABS
šiġalam	šeġal-a=m	verb;INT;CON
pēšša	fē-ž=nna	PRON;ERG;3SG.ABS
talmaštīli	talm-ašt-i-le	verb;RES;MOD.AG;1JUSS
ḫažarrāe	ḫāž+arri-ae	noun;INS
šavadnimma	šavad+ni=mma	noun;ABS;2SG.ABS
egināžuž	egi-na-až-ož	noun;RELAT.PL;PL;ERG
kablāi	kabli-ae	noun;INS
kešše	kešše	noun;ABS
ḫamaziažidan	ḫamaz+i+a+šše-dan	noun;ABL
sammalaštuž	samm+al-ašt-o-ež	verb;RES;MOD.PAT;OPT
kurannia	kur+a+nni-i-a	noun;3POSS.SG;ESS
kišḫi	kešḫ-i	verb;ANTIP
šīelva	šīlvi-a	noun;ESS
šūla	šūli-a	noun;ESS
unam	un-a=m	verb;INT.IMP;2SG.ABS
paġruž	faġri-ož	noun;EQU
ura	ur-a	verb;INT
ižikkunna	iž+ikk+o+nni-a	noun;ESS
šīnunaġi	šīnunaġi	noun;ABS
ūššīd	ōšš-i=d	verb;ANTIP;1SG.ABS
abundišši	abundi-šši	noun;2POSS.PL.ABS
itkalzi	itkal+zi	noun;ABS
ḫirinnel	ḫiri+ni-ne-e=l	noun;RELAT.SG;DIR/LOC;3PL.ABS
kapšuġāma	kapš-oġ-a=ma	verb;oġ;3A.SG;CON
ardebāi	arde-ve-ae	noun;GEN;INS
āmba	āmbi-a	noun;ESS
ninuwava	ninuwa-va	noun;DAT
šidarbu	šidarbu	noun;ABS
pāinnia	paini-ne-va	noun;RELAT.SG;DAT
tūdiguž	tūdi+gi-ož	noun;EQU
suwaḫḫu	suwaḫḫu	noun;ABS
teunāe	te+o+n+āe	ADV
taržuwanniba	taržuwa+ni-ne-va	noun;RELAT.SG;DAT
tōniliffa	ton-i-le=ffa	verb;MOD.AG;1JUSS;2PL.ABS
nivōžellandin	niv-ož-ill-and-i-n	verb;ož;ill;PL.A;MOD.AG;n
šīenaēl	šiye-ne-ae=l	noun;RELAT.SG;INS;3PL.ABS
ḫāri	ḫār-i	verb;ANTIP
umbašši	tupp-a-šše	verb;INT;NMLZ.ABS
nōriġini	nor+i+ġe-ne	noun;ABL/INS
attubadenež	att+o+bade-ne-ž	noun;RELAT.SG;ERG
enigaldi	ennigaldi	noun;ABS
ābri	abri	noun;ABS
pēġulaballa	pēġ-ol-a-b-a=lla	verb;ol;INT;b;EPNTH;3PL.ABS
nakkašḫam	nakk+a+šḫe-a=m	noun;ESS;CON
ubukku	ub-o-kko	verb;INT;NEG
everinžippininim	evr+in+že-v-ve-ne-ne=m	noun;2POSS.SG;GEN;RELAT.SG;ABL/INS;CON
tullibina	tuli-ne-ve-na	noun;RELAT.SG;GEN;RELAT.PL.ABS
tōġalziniž	tōġal+zi-ne-ž	noun;RELAT.SG;ERG
šīaiašši	šīaiašše	noun;ABS
pāġōža	pāġ-ož-a	verb;PST;3A.SG
āġribuž	aġri-ve-ož	noun;GEN;EQU
šeġurninni	šeġor+n+i+nni	noun;ABS
niga	nig-a	verb;INT
purranna	purra-nna	noun;EQU2
ižibāin	iži-ve-ae=n	noun;GEN;INS;3SG.ABS
ugulzib	ug+ol+z-i-b	verb;ANTIP;b
taptani	tapt+a+ni	noun;ABS
kibōliž	kev-o-l-ež	verb;MOD.PAT;l;OPT
tažmižarrida	tažmi.šarri-da	noun;DIR
amulūdōm	am-ol-ud-o-m	verb;ol;NEG;TR.PFV;3A.SG
kūdadena	kūdade-na	noun;RELAT.PL.ABS
kādōva	kad-u-a	verb;MED;3A.SG
itkaštab	itk-ašt-a-b	verb;RES;INT;b
nigalluwe	nigallu-ve	noun;GEN
niġarra	niġari-na	noun;RELAT.PL.ABS
kibli	keb+li	noun;ABS
ḫōdena	ḫōde-na	noun;RELAT.PL.ABS
tālāl	tal-a=l	verb;INT;3PL.ABS
tatḫundōrinamma	tātḫ+und+ō+re-na=mma	noun;RELAT.PL.ABS;CON
taptani	tap-d-an-i	verb;d;an;ANTIP
ažugallēni	ažugali-ne-ne	noun;RELAT.SG;ABL/INS
fōril	for-i=l	verb;ANTIP;3PL.ABS
kirġe	kirġe	noun;ABS
ela	eli-a	noun;ESS
ḫiliġini	ḫil+i+ġe-ne	noun;ABL/INS
piġīe	piġi-i-e	noun;3POSS.SG;DIR/LOC
egōššōla	eg+o+šš-ol-a	verb;ol;3A.SG
iškiniaž	iški+ni-i-až	noun;3POSS;PL.ABS
niġarži	niġar+že	noun;ABS
irdi	ird-i	verb;ANTIP
avarribina	avari-ne-ve-na	noun;RELAT.SG;GEN;RELAT.PL.ABS
eġlibinida	eġli-ve-ne-da	noun;GEN;RELAT.SG;DIR
ḫibarni	ḫibar+ni	noun;ABS
pendu	pen-d-o	verb;d;MOD.PAT
pīarida	pīar-id-a	verb;PL.A;3A
šapḫaldib	šapḫaldi-v	noun;2POSS.SG.ABS
talīa	tal-i-a	verb;TR;3A.SG
anaulēž	ana-o-l-ež	verb;MOD.PAT;l;OPT
šōġurri	šōġori-ne	noun;ABL/INS
šeġellibinažuž	šeġli-ne-ve-na-až-ož	noun;RELAT.SG;GEN;RELAT.PL;PL;ERG
sikkulli	sikk-ulli	verb;ulli
kadulli	kad-ol-i-le	verb;ol;MOD.AG;1JUSS
māli	māl-i	verb;ANTIP
kikkunimma	kikk+o+ni=mma	noun;ABS;2SG.ABS
taballiž	taba+li-ne-ž	noun;RELAT.SG;ERG
fōril	fōri-i=l	noun;3POSS.SG.ABS;3PL.ABS
tīda	tidi-a	noun;ESS
ḫuldib	ḫul-d-i-b	verb;d;ANTIP;b
alamuž	alami-ož	noun;EQU
ḫažarrež	ḫāž+ar+i-ne-ž	noun;RELAT.SG;ERG
kōmura	kōm-ur-a	verb;ur;INT
murriniba	mōrri-ne-va	noun;RELAT.SG;DAT
tarinnima	tar+i+nni=ma	noun;ABS;CON
tādareški	tād+ar+e+ški	noun;ABS
fogāda	fog+ādi-a	noun;ESS
iraduž	erade-ož	noun;EQU
pārila	pārili-a	noun;ESS
itkidannim	itk-id-anni=m	verb;PL.A;DESID;2SG.ABS
ḫōdurum	ḫōd-ur-o-m	verb;ur;TR.PFV;3A.SG
pāndib	fandi-v	noun;2POSS.SG.ABS
uri	ur-i	verb;ANTIP
šagužellandin	šag-ož-ill-and-i-n	verb;ož;ill;PL.A;MOD.AG;n
ažōġinel	až+oġi-ne-ž=l	noun;RELAT.SG;ERG;3PL.ABS
nēlaban	nēl-a-b=an	verb;INT;b;CON
pāššitḫād	pāšš+i+tḫe-a=d	noun;ESS;1SG.ABS
taženi	taže-ne	noun;ABL/INS
ittūbin	ittūbi-n	noun;ABL/INS
eġepšullima	eġ+epš-ulli=ma	verb;ulli;CON
kibi	kevi	noun;ABS
ḫilde	ḫilde	noun;ABS
puramdi	purandi	noun;ABS
šukka	šokko-a	NUM;ESS
ḫelōva	ḫelōvi-a	noun;ESS
nōġaššeni	nōġašše-ne	noun;ABL/INS
fāġri	faġr-i	verb;ANTIP
ḫattuġe	ḫatt+o+ġe	ADJ;ABS
tōruḫḫāe	tor+o+ḫḫe-ae	ADJ;INS
itkulda	itk-ol-d-a	verb;ol;PL.A;3A
mānura	mān+o+re-a	noun;ESS
ḫuwe	ḫuwe	INTJ
kirarinnilam	kir+ar+i+nni-i=l=m	noun;3POSS.SG.ABS;3PL.ABS;CON
šidarna	šid+ar+ni-a	noun;ESS
ḫaššiadināža	ḫaššiadi-na-až-a	noun;RELAT.PL;PL;DAT/ESS
šēže	šēžē	NUM;ABS
katki	kat+ki	noun;ABS
kibure	kev+o+re	noun;ABS
ēbrinniba	ever+ni-ne-va	noun;RELAT.SG;DAT
suġri	suġri	noun;ABS
māmurinibi	mām+o+re-ne-ve	noun;RELAT.SG;GEN
ižuġna	ižuġ+ni-a	noun;ESS
itkudutki	itk+ud+ut+ki	noun;ABS
ḫurida	ḫōri-i-da	noun;3POSS.SG;DIR
ḫōbēdi	ḫōb-ed-i	verb;FUT;ANTIP
āšḫīma	āšḫi-i=ma	noun;3POSS.SG.ABS;CON
šeštena	šešti-na	noun;RELAT.PL.ABS
pindilivaž	pend-i-l-eva-ž	verb;MOD.AG;l;POT;ž
šaderida	šaderi-da	noun;DIR
faġruži	faġr+o+že	ADJ;ABS
nūdu	nūd-o	verb;MOD.PAT
ḫassin	ḫassī-n	noun;ABL/INS
tunuštu	ton-ošt-o	verb;RES;MOD.PAT
šerrin	šēri-ne-n	noun;RELAT.SG;ABL/INS
ḫiarrež	ḫiari-ne-ž	noun;RELAT.SG;ERG
arda	arde-a	noun;ESS
nelġa	nelġ-a	verb;INT
pendūġa	pend-oġ-a	verb;oġ;INT.IMP
ḫōdannida	ḫōd+a+nni-da	noun;DIR
ulluġēdi	oll-oġ-ed-i	verb;oġ;FUT;ANTIP
kadiōššina	kad-i-o-šše-na	verb;TR;2A.SG;NMLZ;RELAT.PL.ABS
maruda	mar-ud-a	verb;ud;3A.SG
nōial	noi-a=l	noun;ABS;EPNTH;3PL.ABS
paġēda	pāġ-ed-a	verb;FUT;3A.SG
ḫōmni	ḫōmni	noun;ABS
arūlāuž	ar-ul-aw-ž	verb;ul;1A;PL
taduġebāba	tado.ḫeba-va	noun;DAT
fōrālīzie	fōr+all+i+n+ze	noun;ABS
šialužum	šial-ož-o-m	verb;ož;TR.PFV;3A.SG
ammužima	amm-ož-i=ma	verb;PST;ANTIP;CON
šinutḫina	šinut-ġe-na	noun;ADJ;RELAT.PL.ABS
ḫāž	ḫa-a	verb;INT
kīrenzamma	kire+n+ze-a=mma	noun;ESS;CON
nēla	nēli-a	noun;ESS
sablōžu	sabl-ož-o	verb;PST;2A.SG
ideppūda	idi-iffu-da	noun;1POSS.SG;DIR
šelluġlupšenie	šell+o+ġ+l+o+pše-ne	noun;ABL/INS
ḫumaruġinan	ḫōm+ar+o+ḫḫe-na=an	ADJ;RELAT.PL.ABS;CON
ḫōmmāruḫḫināža	ḫōm+ar+o+ḫḫe-na-až-a	ADJ;RELAT.PL;PL;DAT/ESS
ištennanan	ište=nna=nan	PRON;3SG.ABS;CON
fēnāna	fēn+ā+ni-a	noun;ESS
tōmmušše	tōmmo+šše	NUM;ABS
šugārdedāwul	šug+ārd-ed-aw=l	verb;FUT;1A.SG;3PL.ABS
pussa	puss-a	verb;INT
pēbi	fē-ve	PRON;GEN
madaffa	mādi-a=ffa	noun;ESS;2PL.ABS
kangalbālla	kangalvi-a=lla	noun;ESS;3PL.ABS
ediaža	idi-i-až-a	noun;3POSS.SG;PL;DAT/ESS
miržāe	mirž-i-ai	verb;MOD.AG;PURP
šubribima	šubri-ve=ma	noun;GEN;CON
tedevaduḫḫa	tid+i+vad+o+ḫḫe-a	ADJ;ESS
šeġōnāža	šeġōni-na-až-a	noun;RELAT.PL;PL;DAT/ESS
talmōla	talm-ol-a	verb;ol;3A.SG
talippa	tal-i-b=ma	verb;ANTIP;b;CON
tabrēnni	tab+i+rē+nni	noun;ABS
naḫḫuža	naḫḫ+o+že-a	noun;ESS
mēgummi	mēg-umme	verb;INF.ABS
šeġalulaēž	šeġal-o-l-ai-ž	verb;MOD.PAT;l;PURP;ž
arulli	aruli-ne	noun;ABL/INS
ēbla	ēbla	noun;ABS
illaiaġe	illaia-ġe	noun;ADJ.ABS
sāllava	sāllavi-a	noun;ESS
šurakkanna	šurakk+a+nni-a	noun;ESS
itḫiniž	itḫi-ne-ž	noun;RELAT.SG;ERG
ḫillamen	ḫillame-n	noun;ABL/INS
šarrināže	šarri-na-až-ve	noun;RELAT.PL;PL;GEN
piga	pigi-a	noun;ESS
pāriža	pār+i+že-a	noun;ESS
šīb	šī-i-b	verb;ANTIP;b
murġulišta	murġ-ol-išt-a	verb;ol;RES;3A.SG
palaġa	palaġi-a	noun;ESS
azallaenen	azallae-ne-n	noun;RELAT.SG;ABL/INS
ananešḫiani	an+an+e+šḫe-i-ane	noun;3POSS.SG;ABL/INS
keldāi	kel+di-ae	noun;INS
kūžuġ	kužuġ	noun;ABS
kešḫi	kešḫi	noun;ABS
šiwumballa	ši-umb-a=lla	verb;umb;3A.SG;3PL.ABS
ḫārri	ḫāri-ne	noun;ABL/INS
šāli	šāl-i	verb;ANTIP
unīdu	un-id-o	verb;PL.A;TR.PFV
ummana	umm-an-a	verb;CAUS;3A.SG
ibrinza	evren+ze-a	noun;ESS
pudūlimaššinaža	fud+ol+i+m+a+šše-na-až-a	noun;RELAT.PL;PL;DAT/ESS
šōra	šōri-a	noun;ESS
tādinibād	tādi-ne-va=d	noun;RELAT.SG;DAT;1SG.ABS
inumma	inu=mma	CONJ;2SG.ABS
pēdaruž	ped+ar+i-ož	noun;EQU
pāġružini	faġr+o+že-ne-e	ADJ;RELAT.SG;DIR/LOC
kēbillāžuž	keb+li-na-až-ož	noun;RELAT.PL;PL;ERG
aluwīb	alu-i-b	verb;ANTIP;b
naḫḫilāi	naḫḫ-i-l-ai	verb;MOD.AG;l;PURP
nabarvināžuž	nabarbi-ve-na-až-ož	noun;GEN;RELAT.PL;PL;ERG
tarni	tarn-i	verb;ANTIP
sāžulia	sāz-ol-i-a	verb;ol;TR;3A.SG
šūpta	šūp-d-a	verb;d;INT
tuffaēšḫema	tuffaē+šḫe=ma	noun;ABS;CON
apšena	apše-na	noun;RELAT.PL.ABS
šīri	šīri	noun;ABS
elaminēve	elami-ne-ve	noun;RELAT.SG;GEN
ḫōmnummi	ḫōmn-umme	verb;INF.ABS
ḫannibāe	ḫanni-ve-ae	noun;GEN;INS
fēḫḫēda	fēḫḫ-ed-a	verb;FUT;3A.SG
adīrġa	adīr+ġe-a	noun;ESS
fōri	for-i	verb;ANTIP
ḫavōrnuž	ḫavor+ni-ož	noun;EQU
kēažima	kiaže=ma	noun;ABS;CON
urukku	ur-o-kko	verb;INT;NEG
sōpḫōra	sōpḫōri-a	noun;ESS
ḫullurēva	ḫull+o+re-i-va	noun;3POSS.SG;DAT
tagulaēž	tag-o-l-ai-ž	verb;MOD.PAT;l;PURP;ž
mužōlōm	mūž-ol-o-m	verb;ol;TR.PFV;3A.SG
ḫōlliaž	ḫōlli-i-až	noun;3POSS;PL.ABS
ḫōmbārži	ḫomb+ar+ži	noun;ABS
ārdibinešša	arde-i-ve-ne-ž=nna	noun;3POSS.SG;GEN;RELAT.SG;ERG;3SG.ABS
egai	egi-ae	noun;INS
kammanġiani	kamm+an+ġe-i-ane	noun;3POSS.SG;ABL/INS
teššeni	tešše+ni	noun;ABS
kivōrġēnivōž	kiv+ōr+ġē-ne-ve-ož	noun;RELAT.SG;GEN;EQU
izōzi	izuzi	noun;ABS
itkundaššinama	itk-u-nd-a-šše-na=ma	verb;MED;PL.A;3A;NMLZ;RELAT.PL.ABS;CON
uīb	uwi-v	noun;2POSS.SG.ABS
šukku	šokko	NUM;ABS
šendena	šindi-na	NUM;RELAT.PL.ABS
manza	man-z-a	PRON;PL;DAT/ESS
nānidi	nān-ed-i	verb;FUT;ANTIP
ḫāri	ḫāri	noun;ABS
ibāi	ibi-ae	noun;INS
miluladilāe	mil-ol-ad-i-l-ai	verb;ol;ad;MOD.AG;l;PURP
salma	salmi=ma	noun;ABS;2SG.ABS
andi	andi	PRON;ABS
ururmilīaž	orurmili-i-až	noun;3POSS;PL.ABS
kuruppa	kuruppi-a	noun;ESS
abiaža	ave-až-a	PRON;PL;DAT/ESS
ḫāžažilēž	ḫaž-až-i-l-ež	verb;až;MOD.AG;l;OPT
šukkuttatta	šukk+utti-a=tta	noun;ESS;1SG.ABS
aġarri	aġarri	noun;ABS
kulōrum	kul-ur-o-m	verb;ur;TR.PFV;3A.SG
ažurež	až-o-re-i-ž	verb;PAT;PTCP;3POSS.SG;ERG
kādāšti	kad-ašt-i	verb;RES;ANTIP
tarria	tarr-i-a	verb;TR;3A.SG
pairibuwi	pa+i+re-iffu-ve	noun;1POSS.SG;GEN
tāġiniba	tāġe-ne-va	noun;RELAT.SG;DAT
ulaffa	oli-a=ffa	PRON;ESS;2PL.ABS
amumām	am+o+mi-a=m	noun;ESS;CON
šattub	šātt-o-m	verb;TR.PFV;3A.SG
agōža	ag-ož-a	verb;PST;3A.SG
taržuwannažuž	taržuwa+ni-na-až-ož	noun;RELAT.PL;PL;ERG
aštuḫḫina	ašt+o+ḫḫe-na	ADJ;RELAT.PL.ABS
šinurġina	šinurġi-na	noun;RELAT.PL.ABS
šuratḫiniž	šur+a+tḫe-ne-ž	noun;RELAT.SG;ERG
šēġadulimaššinama	šēġ+ad+ul+i+m+a+šše-na=ma	noun;RELAT.PL.ABS;CON
sīgila	sīg-il-a	verb;il;INT
ḫāvōrunnīra	ḫavor+ni-ne-ra	noun;RELAT.SG;COM
ušḫuni	ošḫo+ni	noun;ABS
tādiašši	tād+i+a+šše	ADJ;ABS
mānnin	mānne=n	PRON;ABS;3SG.ABS
ḫaiġi	ḫa+i+ġe	noun;ABS
marešḫi	mar+i+šḫe	noun;ABS
ḫabalgi	ḫabalgi	noun;ABS
fāġra	faġri-a	noun;ESS
ebāe	ebi-ae	noun;INS
ūlvinēma	olvi-ne-e=ma	ADJ;RELAT.SG;DIR/LOC;CON
ōrdab	ōr+d-a-b	verb;INT;b
ḫinzida	ḫenzi-i-da	noun;3POSS.SG;DIR
agunna	ag-o=nna	verb;MOD.PAT;3SG.ABS
agūrna	ag+ūr+ni-a	noun;ESS
natḫinen	natḫi-ne-n	noun;RELAT.SG;ABL/INS
surōža	sur-ož-a	verb;PST;3A.SG
fāžu	faž-u	verb;MED
kumarvenež	kumarve-ne-ž	noun;RELAT.SG;ERG
aigalduba	aigaldu-va	noun;DAT
ḫāuži	ḫa-ož-i	verb;PST;ANTIP
šeġurnibini	šeġor+ni-ve-ne-e	noun;GEN;RELAT.SG;DIR/LOC
ava	avi-a	noun;ESS
fāzanigarvaž	fāzanigar-ve-až	noun;GEN;ERG
agidōri	ag-id-o-re	verb;PL.A;PAT;PTCP.ABS
kulzinež	kulzi-ne-ž	noun;RELAT.SG;ERG
ōrginin	ōrgi-ne-n	noun;RELAT.SG;ABL/INS
tāndu	tān-d-o	verb;d;MOD.PAT
āššiden	āšš-id-en	verb;PL.A;3JUSS
ebirni	ever+ni	noun;ABS
ḫatḫēda	ḫatḫ-ed-a	verb;FUT;3A.SG
fadeġib	fadeġi-v	noun;2POSS.SG.ABS
kešḫīda	kešḫi-i-da	noun;3POSS.SG;DIR
abiġarrivenella	ab+iġ+ar+i-ne-ve-ne-e=lla	noun;RELAT.SG;GEN;RELAT.SG;DIR/LOC;3PL.ABS
kirarinna	kir+ar+i+nni-a	noun;ESS
ēppiri	ēpp+i+re	noun;ABS
pāġida	pāġi-da	noun;DIR
malvāži	malvāži	noun;ABS
pāġiaža	pāġi-i-až-a	noun;3POSS;PL;DAT/ESS
mala	mali-a	noun;ESS
šerrāža	šēri-na-až-a	noun;RELAT.PL;PL;DAT/ESS
āmba	āmb-a	verb;INT
šōeni	šōe-ne	PRON;ABL/INS
eġilli⸢fa⸣ašša	eġl-i-l-eva-ž=nna	verb;MOD.AG;l;POT;ž;3SG.ABS
kišḫiažal	kešḫi-i-až-a=l	noun;3POSS;PL;DAT/ESS;3PL.ABS
nēlla	nēli-na	noun;RELAT.PL.ABS
ideba	idi-i-va	noun;3POSS.SG;DAT
tōġadumanni	tōġ+ad+om+a+ni-ne	noun;ABL/INS
paliu	pal-i-o	verb;TR;2A.SG
tagiže	tage+že	ADJ;ABS
ḫaziana	ḫaziani-a	noun;ESS
sabarri	sabari-ne	noun;ABL/INS
attaibinešša	atta+i-i-ve-ne-ž=nna	noun;3POSS.SG;GEN;RELAT.SG;ERG;3SG.ABS
šēġalana	šēġala-na	noun;RELAT.PL.ABS
šilaluġinida	šilaluġi-ne-da	noun;RELAT.SG;DIR
avallivena	av+al+i-ne-ve-ne-a	noun;RELAT.SG;GEN;RELAT.SG;ESS
ōnduma	ondu=ma	CONJ;CON
ažaštilib	až-ašt-i-le=m	verb;RES;MOD.AG;1JUSS;CON
piari	pīari	noun;ABS
šaballi	šavli-ne-e	noun;RELAT.SG;DIR/LOC
ānzamma	anz-a=mma	verb;INT;2SG.ABS
ideb	idi-v	noun;2POSS.SG.ABS
šūrbēnež	šūrbē-ne-ž	noun;RELAT.SG;ERG
ḫāvōžina	ḫāv+ō+že-na	noun;RELAT.PL.ABS
ḫōrida	ḫōri-da	noun;DIR
ežene	eže-ne	noun;ABL/INS
ḫubuštab	ḫub-ušt-aw	verb;RES;1A.SG
šablāe	šavli-ae	noun;INS
tumnadinella	tomn+adi-ne=lla	noun;ABL/INS;3PL.ABS
māmmurinie	mamm+o+re-ne-e	noun;RELAT.SG;DIR/LOC
ḫažimarri	ḫažimari-ne	noun;ABL/INS
elabae	ela-ve-ae	noun;GEN;INS
murrāe	murri-ae	noun;INS
pāžēni	pāže-e-ne	noun;3POSS.SG;ABL/INS
uġōššāi	oġ+ō+šše-ae	noun;INS
urida	ori-i-da	noun;3POSS.SG;DIR
agappa	ag-a-b=ma	verb;INT;b;CON
agi	agi	PRON;ABS
ūrġāb	ūrġi-a=v	noun;ESS;2PL.ABS
itkalzibināža	itkal+zi-ve-na-až-a	noun;GEN;RELAT.PL;PL;DAT/ESS
itkalza	itkal+zi-a	noun;ESS
nōġinduž	nōġ-ind-o-ež	noun;PL.A;MOD.PAT;OPT
itkalzibinažadel	itkal+zi-ve-na-až-a=dil	noun;GEN;RELAT.PL;PL;DAT/ESS;1PL.ABS
ērbi	ervi	noun;ABS
ḫōrraža	ḫōri-na-až-a	noun;RELAT.PL;PL;DAT/ESS
tivāḫtu	tiv-aġ-id-o	verb;aġ;PL.A;TR.PFV
kōmura	kōmuri-a	noun;ESS
ištanida	ištani-i-da	noun;3POSS.SG;DIR
šāri	šāri	noun;ABS
enad	en-a=d	verb;INT;1SG.ABS
ēkkinēn	ēkke-ne-n	noun;RELAT.SG;ABL/INS
inūru	in-ur-o	verb;ur;MOD.PAT
ḫellib	ḫill-i-b	verb;ANTIP;b
mānuda	man-oda	PRON;DIR
tēġida	teġidi-a	noun;ESS
iġārrin	iġari-ne-n	noun;RELAT.SG;ABL/INS
našpa	našpi-a	noun;ESS
šilumōtḫeb	šil+um+ō+tḫe=m	noun;ABS;CON
munġīe	munġi-e	noun;3POSS.SG.ABS
abēd	ave-ž=d	PRON;ERG;1SG.ABS
tōri	tūri	ADV
pāra	pār-a	verb;INT
issēdi	iss-ed-i	verb;FUT;ANTIP
kamveda	kamve-da	noun;DIR
uruġeda	ur-oġ-ed-a	verb;oġ;FUT;3A.SG
nērara	nera-ra	noun;COM
kižarženež	kiž+ar+že-ne-ž	noun;RELAT.SG;ERG
šela	šeli-a	noun;ESS
kēda	kēdi-a	noun;ESS
šīġāvenažan	šēġa-ve-na-až-a=an	noun;GEN;RELAT.PL;PL;DAT/ESS;CON
īnippinid	ieni-v-ve-ne-e=d	noun;2POSS.SG;GEN;RELAT.SG;DIR/LOC;1SG.ABS
kulvenāma	kulve-na=ma	noun;RELAT.PL.ABS;CON
kumarbiž	kumarve-ž	noun;ERG
āštippa	āšte-v=ma	noun;2POSS.SG.ABS;CON
abrām	abri-a=m	noun;ESS;2SG.ABS
paīnninibuž	paīnni-ne-ve-ož	noun;RELAT.SG;GEN;EQU
ašḫužikkunnida	āšḫ+ož+i+kk+o+nni-da	noun;DIR
šukki	šokki	ADV
ura	uri-a	noun;ESS
ibrinnažuž	ever+ni-na-až-ož	noun;RELAT.PL;PL;ERG
pandarinna	fand+ar+i+nni-a	noun;ESS
ava	av-a	verb;INT
kundārrin	kundāri-ne-n	noun;RELAT.SG;ABL/INS
pussa	pussi-a	noun;ESS
foglāla	fogl-al-a	verb;al;3A.SG
kāde	kāde	noun;ABS
āšta	āšte-a	noun;ESS
anzīma	anzi-i=ma	noun;3POSS.SG.ABS;CON
ūžia	uw+o+že-i-a	noun;3POSS.SG;ESS
ḫaīb	ḫa-i-b	verb;ANTIP;b
tapšab	tapš-a-b	verb;INT;b
ōštannōġa	ōšt+ann-oġ-a	verb;oġ;INT
ubinež	ove-ne-ž	ADJ;RELAT.SG;ERG
kivožuž	kev-ož-o-ež	verb;ož;MOD.PAT;OPT
šōnib	šō+ni-v	noun;2POSS.SG.ABS
šauškada	šavoška-da	noun;DIR
karinež	kare-ne-ž	noun;RELAT.SG;ERG
nakkiōššunā	nakk-i-oššo=nna	verb;TR;2A.PL.NEG;3SG.ABS
šuġa	šuʾ-a	verb;INT
ažaštedō	až-ašt-ed-aw	verb;RES;FUT;1A.SG
immaškun	immašku=n	noun;ABS;3SG.ABS
šōġunnaži	šōġoni-na-až-ve	noun;RELAT.PL;PL;GEN
mēgi	mēgi	noun;ABS
uba	ubi-a	noun;ESS
adaniašta	ad+ā+ni-i-až-da	noun;3POSS;PL;DIR
eda	ed-a	verb;INT
fudōštu	fud-ošt-o	verb;RES;MOD.PAT
elmi	elmi	noun;ABS
kažlulēž	kažl-o-l-ež	verb;MOD.PAT;l;OPT
pulliž	puli-ne-ž	noun;RELAT.SG;ERG
ānnu	ānnu	ADV
kablāi	kabl-i-ai	verb;MOD.AG;PURP
šīnimma	šini=mma	ADV;2SG.ABS
ḫilli	ḫill-i	verb;ANTIP
ḫōbra	ḫōbri-a	noun;ESS
tīva	tiye-i-va	noun;3POSS.SG;DAT
neššib	nešši-v	noun;2POSS.SG.ABS
tīb	te-i-b	verb;ANTIP;b
ḫužūwa	ḫōž-u-a	verb;MED;3A.SG
telu	tel-o	verb;MOD.PAT
ištuma	ištani-o-m=ma	verb;TR.PFV;3A.SG;CON
ḫiri	ḫiri	noun;ABS
tanānna	tanāni-na	noun;RELAT.PL.ABS
ḫažara	ḫāž+ar+i-a	noun;ESS
niġāri	niġari	noun;ABS
kibe	kippe	noun;ABS
pārili	pārili	noun;ABS
ariliffa	arili-iffe-a	noun;1POSS.SG;ESS
tūnāin	ton-i-ai-n	verb;MOD.AG;PURP;n
amūminēva	amm+u+mmi-ne-va	noun;RELAT.SG;DAT
nešḫina	nešḫi-na	noun;RELAT.PL.ABS
kalūwa	kal-u-a	noun;MED;3A.SG
enummē	enummē	ADV
ḫežāla	ḫežāli-a	noun;ESS
malāe	mali-ae	noun;INS
purrābi	purra-ve	noun;GEN
uruwa	ur-u-a	verb;MED;3A.SG
abalġad	abal+ġe-a=d	noun;ESS;1SG.ABS
kāvāl	kāv-a=lla	verb;INT;3PL.ABS
alvovade	alv+o+vade	ADJ;ABS
assusḫi	assusḫi	noun;ABS
ugulgari	ug+ol+gar-i	verb;ANTIP
purammippuwan	pura+mmi-iffu-va=an	noun;1POSS.SG;DAT;CON
murrina	mōrri-na	noun;RELAT.PL.ABS
kādukku	kad-o-kko	verb;INT;NEG
āššaniba	āššani-i-va	noun;3POSS.SG;DAT
sulōdōēn	sul+ud-o-en	verb;MOD.PAT;3JUSS
šellini	šelli-ne	noun;ABL/INS
eġliġi	eġl+i+ġe	noun;ABS
itkulāuž	itk-ol-aw-ž	verb;ol;1A;PL
kišḫiža	kešḫ-iž-a	verb;iž;INT
ubindain	ubindi-ae=n	noun;INS;3SG.ABS
šīġāttāma	šīġ-a=tta=ma	verb;INT;1SG.ABS;CON
itkulēž	itk-o-l-ež	verb;MOD.PAT;l;OPT
faġruža	faġr+o+že-a	ADJ;ESS
kumarbi	kumarve	noun;ABS
awtaluman	audalumma=n	noun;ABS;3SG.ABS
abēdilla	ave-ž=dilla	PRON;ERG;1PL.ABS
tarni	tarni	noun;ABS
pella	pili-na	noun;RELAT.PL.ABS
šidilāi	šid-i-l-ai	verb;MOD.AG;l;PURP
nōvān	nōvi-a=an	noun;ESS;CON
kapšuġāl	kapš-oġ-a=l	verb;oġ;3A.SG;3PL.ABS
kibašši	kev-a-šše	verb;INT;NMLZ.ABS
kērāžuž	ker-až-o-ež	verb;až;MOD.PAT;OPT
sītkūli	sitk-ol-i	verb;ol;ANTIP
uġi	uġi	noun;ABS
itkāl	itk-a=l	verb;INT;3PL.ABS
ḫōdemae	ḫōd-i+m+ai	verb;CVB
ḫōīb	ḫō-i-b	verb;ANTIP;b
ištani	ištani	PREP
fudōža	fud+ō+že-a	noun;ESS
ḫaburna	ḫavor+ni-a	noun;ESS
šumminnam	šummi-n=nna=m	ADJ;ABL/INS;3SG.ABS;CON
ḫōžellāin	ḫō-ož-ill-i-ai-n	verb;ož;ill;MOD.AG;PURP;n
kigaduwamma	kig-ad-u-a=mma	verb;ad;MED;3A.SG;2SG.ABS
aġāštedu	aʾ-ašt-ed-o	verb;RES;FUT;2A.SG
tūniani	tūni-i-ane	noun;3POSS.SG;ABL/INS
īštennān	ište=nna=an	PRON;ABS;3SG.ABS;CON
tabirīma	tab+i+re-i=ma	noun;3POSS.SG.ABS;CON
nīnādum	nīn-ad-o-m	verb;ad;TR.PFV;3A.SG
naḫḫili	naḫḫ-i-le	verb;MOD.AG;1JUSS
šēri	šēr-i	verb;ANTIP
šullūbri	šullūbri	noun;ABS
aružellāim	ar-ož-ill-i-ai=m	verb;ož;ill;MOD.AG;PURP;CON
pairima	pa+i+re-i=ma	noun;3POSS.SG.ABS;CON
taġāži	taġ+ā+že	noun;ABS
tarve	tarve	noun;ABS
šiai	šiye-ae	noun;INS
šadōm	šad-o-m	verb;TR.PFV;3A.SG
unušḫuž	un+o+šḫe-ož	noun;EQU
nāēnāža	nāie-na-až-a	noun;RELAT.PL;PL;DAT/ESS
ḫabaḫḫōbada	ḫab+aḫḫ+ō+bade-a	noun;ESS
malāe	mal-i-ai	verb;MOD.AG;PURP
šialiribuwi	šial-i-re-iffu-ve	verb;AG;PTCP;1POSS.SG;GEN
šeġla	šeġ+l-a	verb;INT
sabri	sabri	noun;ABS
kilānab	kil+ān-a-b	verb;INT;b
taržuwanažāe	taržuwa+ni-na-až-ve-ae	noun;RELAT.PL;PL;GEN;INS
šārinevi	šāri-ne-ve	noun;RELAT.SG;GEN
kadilēž	kad-i-l-ež	verb;MOD.AG;l;OPT
ulliva	oli-ne-va	PRON;RELAT.SG;DAT
kažluž	kažl-o-ež	verb;MOD.PAT;OPT
nabarriba	nab+ar+i-ne-va	noun;RELAT.SG;DAT
ḫuburridal	ḫuburi-ne-da=l	noun;RELAT.SG;DIR;3PL.ABS
edežūda	idi-ž-oda	noun;2POSS.PL;DIR
šumi	šumi-i	noun;3POSS.SG.ABS
ēarži	ēyar+že	noun;ABS
tāndib	tān-d-i-b	verb;d;ANTIP;b
idīe	id-i-en	verb;MOD.AG;3JUSS
išḫaran	išḫara=an	noun;ABS;CON
šarriaž	šarri-i-až	noun;3POSS;PL.ABS
talāvaže	talāv+a+že	ADJ;ABS
tabilianiž	tab+ilia-ne-ž	ADJ;RELAT.SG;ERG
iningaldāe	ennigaldi-ae	noun;INS
tūrīe	tūrī+e	ADV
ōššunila	ōšš-on-i=lla	verb;on;ANTIP;3PL.ABS
pāriža	pār-iž-a	verb;iž;INT
agōž	ago-ž	PRON;ERG
faeli	faeli	noun;ABS
šiāma	šī-a=ma	verb;INT;CON
tēama	tē-i-a=ma	noun;3POSS.SG;ESS;CON
umve	umve	noun;ABS
putkīda	fut+ki-da	noun;DIR
piduġu	pīd+uġ-o	verb;MOD.PAT
āšḫa	āšḫi-a	noun;ESS
uššiġina	ušš+i+ġe-na	noun;RELAT.PL.ABS
fāġie	pāġi	noun;ABS
šūrūži	šūr-ož-i	verb;PST;ANTIP
kēriuššininna	kēr-i-o-šše-ne-nna	verb;TR;2A.SG;NMLZ;RELAT.SG;EQU2
kumrie	kumri-e	noun;3POSS.SG.ABS
mīrrīž	mīr-i-l-ež	verb;MOD.AG;l;OPT
pālukku	pal-o-kko	verb;INT;NEG
šimiginel	šimige-ne=l	noun;ABL/INS;3PL.ABS
ḫōmarrinin	ḫōmari-ne-n	noun;RELAT.SG;ABL/INS
ibi	ibi	noun;ABS
tibāġa	tibāġi-a	noun;ESS
šarrinež	šarri-ne-ž	noun;RELAT.SG;ERG
šia	šiye	noun;ABS
kilum	kēl-o=m	verb;MOD.PAT;2SG.ABS
pālā	pāli-a	noun;ESS
irdīž	irde-i-ž	noun;3POSS.SG;ERG
ērbirippi	ērbiri-iffe	noun;1POSS.SG.ABS
idia	idi-i-a	noun;3POSS.SG;ESS
abiaža	avi-i-až-a	noun;3POSS;PL;DAT/ESS
nēbāža	nēb+ā+že-a	noun;ESS
suppinibinin	suppi-ne-ve-ne-n	noun;RELAT.SG;GEN;RELAT.SG;ABL/INS
ḫižmini	ḫižmi-ne	noun;ABL/INS
kivudu	kev-ud-u	verb;ud;MED
kāssi	kāze	noun;ABS
nālliž	nāli-ne-ž	noun;RELAT.SG;ERG
itkužalla	itk-o-ež-a=lla	verb;MOD.PAT;OPT;EPNTH;3PL.ABS
mādai	mādi-ae	noun;INS
ḫōštivuwām	ḫōšti-iffu-va=m	noun;1POSS.SG;DAT;CON
naḫḫaššina	naḫḫ+a+šše-na	noun;RELAT.PL.ABS
ḫudenāža	ḫōde-na-až-a	noun;RELAT.PL;PL;DAT/ESS
šēnna	šena-na	noun;RELAT.PL.ABS
magaldinibināža	magaldi-ne-ve-na-až-a	noun;RELAT.SG;GEN;RELAT.PL;PL;DAT/ESS
nābima	nave-i=ma	noun;3POSS.SG.ABS;CON
immarvaġināže	immarvaġe-na-až-ve	noun;RELAT.PL;PL;GEN
ābēni	ābē-ne	noun;ABL/INS
šendiššēni	šindi+ššē-ne	noun;ABL/INS
pōduštabāl	fud-ošt-a-b-a=l	verb;RES;INT;b;EPNTH;3PL.ABS
tiveniž	tive-ne-ž	noun;RELAT.SG;ERG
ue	uwi	noun;ABS
teffe	teffe	noun;ABS
arūžu	ar-ož-o	verb;PST;2A.SG
pērġuba	pērġubi-a	noun;ESS
kadib	kad-i-b	verb;ANTIP;b
pillanēva	pilla-ne-va	noun;RELAT.SG;DAT
kuraḫḫa	kur+a+ḫḫe-a	noun;ESS
tānni	tanni	noun;ABS
fāra	fāri-a	noun;ESS
kažla	kažli-a	noun;ESS
tapšōbādi	tapš+ō+bāde	noun;ABS
tažummi	taž-umme	verb;INF.ABS
tāni	tān-i	verb;ANTIP
maruži	maroži	noun;ABS
tarmānuž	tarm+a+ni-ož	noun;EQU
kurannia	kur-ann-i-a	verb;ann;TR;3A.SG
idia	id-i-a	verb;TR;3A.SG
šeġōrnida	šeġor+ni-da	noun;DIR
šōvalaž	šowala-ž	noun;ERG
feva	fē-va	PRON;DAT
ḫalze	ḫalze	noun;ABS
mužūni	muž+u+ni	noun;ABS
āmi	am-i	verb;ANTIP
šēndeššini	šēnde+šše-ne	NUM;ABL/INS
kīškūppēnida	kīšk+ūpp+ē-ne-da	noun;RELAT.SG;DIR
abarim	ab+ar+i=m	noun;ABS;CON
puweni	powe-ne	noun;ABL/INS
kažluwa	kažl-u-a	verb;MED;3A.SG
šendurum	šend-ur-o-m	verb;ur;TR.PFV;3A.SG
nūbīnīn	nubi-ne-n	NUM;RELAT.SG;ABL/INS
apšeneve	apše-ne-ve	noun;RELAT.SG;GEN
šūwarudanam	šūwarudi-a=n=m	noun;ESS;3SG.ABS;CON
tešši	tešše	noun;ABS
šōima	šō-i=ma	verb;ANTIP;CON
īllulia	īll+uli-i-a	noun;3POSS.SG;ESS
pudulināi	fud+ol+i+ni-ae	noun;INS
aiwpi	aiu-ve	noun;GEN
šaġadnadi	šaġad+n+adi	noun;ABS
ilamdōġi	ilamd+ō+ġe	noun;ABS
pōssu	pōss-o	verb;MOD.PAT
iža	iž-a	verb;INT
pabni	pab+ni	noun;ABS
mūžib	mūž-i-b	verb;ANTIP;b
ōlluḫḫa	ōll+o+ḫḫe-a	ADJ;ESS
tāni	tāni	noun;ABS
kiaži	kiaže	noun;ABS
kādala	kād+ali-a	noun;ESS
purburnīe	pur+bur+ni-e	noun;3POSS.SG.ABS
kumri	kumri	noun;ABS
šeġira	šeġiri-a	noun;ESS
tebāe	tive-ae	noun;INS
ušḫunāe	ošḫo+ni-ae	noun;INS
kūžaġ	kužaġ	noun;ABS
tōġadužilāi	tōġ-ad-ož-i-l-ai	verb;ad;ož;MOD.AG;l;PURP
ivi	ivi	noun;ABS
ōrgini	ōrgi-ne	noun;ABL/INS
pāru	pār-u	verb;MED
immarrida	immari-ne-da	noun;RELAT.SG;DIR
naḫḫaššina	naḫḫ-a-šše-na	verb;INT;NMLZ;RELAT.PL.ABS
āšte	āšte	noun;ABS
kivožuž	kev+o+že-ož	noun;EQU
ērġima	ērġ-i=ma	verb;ANTIP;CON
forima	fōri=ma	noun;ABS;CON
ēlgāe	ēlgi-ae	noun;INS
adāllēlla	adāl-ne-e=lla	noun;RELAT.SG;DIR/LOC;3PL.ABS
taduġeban	tado.ḫeba=an	noun;ABS;CON
šōnia	šōn-i-a	verb;TR;3A.SG
itkužellandin	itk-ož-ill-and-i-n	verb;ož;ill;PL.A;MOD.AG;n
ḫuburriba	ḫuburi-ne-va	noun;RELAT.SG;DAT
niviriffi	niviri-iffe	noun;1POSS.SG.ABS
ēblava	ēbla-va	noun;DAT
eguššāe	eg+o+šše-ae	noun;INS
šerženi	šer+že-ne-e	noun;RELAT.SG;DIR/LOC
agulla	ag-o=lla	verb;MOD.PAT;3PL.ABS
ḫademinin	ḫademi-ne-n	noun;RELAT.SG;ABL/INS
šiglademma	šigl+ade=mma	noun;ABS;CON
ḫōidan	ḫō-id-en	verb;PL.A;3JUSS
šūranni	šūr-i-anni	verb;MOD.AG;DESID
tarāi	tāri-ae	noun;INS
šurba	šurbi-a	noun;ESS
teġiw	teġ-i-o	verb;TR;2A.SG
šidarnai	šid+ar+ni-ae	noun;INS
pižāišpānel	pižāiš.pā-ne=l	noun;ABL/INS;3PL.ABS
šinima	šini=ma	ADV;CON
šenda	šindi-a	NUM;ESS
talmōvab	talmōv-a-b	verb;INT;b
aškōlāe	ašk-o-l-ai	verb;MOD.PAT;l;PURP
tarria	tarri-i-a	noun;3POSS.SG;ESS
anamminna	anammi=nna	ADV;3SG.ABS
uilanum	uw-il-an-o-m	verb;il;an;TR.PFV;3A.SG
tanna	tanni-a	noun;ESS
užunnibina	už+o+ni-ne-ve-na	noun;RELAT.SG;GEN;RELAT.PL.ABS
ušḫunnibāl	ošḫo+ni-ne-ve=l	noun;RELAT.SG;GEN;3PL.ABS
kivirāžan	kevri-na-až-a=n	noun;RELAT.PL;PL;DAT/ESS;3SG.ABS
ammummi	amm-umme	verb;INF.ABS
šeġrulida	šeġr-ol-ed-a	verb;ol;FUT;3A.SG
kulamōrrinibi	kul+am+ō+rre-ne-ve	noun;RELAT.SG;GEN
ēbrešši	evr+in+že	noun;ABS
agarġu	ag+ar+ġ-o	verb;MOD.PAT
pabanniž	paba+ni-ne-ž	noun;RELAT.SG;ERG
agūmālla	ag-o-m-a=lla	verb;TR.PFV;3A.SG;EPNTH;3PL.ABS
ummandu	umm-an-id-o	verb;CAUS;PL.A;TR.PFV
ubindain	ub-ind-i-ai-n	verb;PL.A;MOD.AG;PURP;n
ḫabānab	ḫabān-a-b	verb;INT;b
ḫōžīw	ḫōž-i-o	verb;TR;2A.SG
anaštikki	an-ašt-i-kki	verb;RES;ANTIP;NEG
aliab	alē-a-b	verb;INT;b
kulmurina	kulm+o+re-na	noun;RELAT.PL.ABS
šōe	šōe	noun;ABS
šatteda	šātt-ed-a	verb;FUT;3A.SG
tagižina	tage+že-na	ADJ;RELAT.PL.ABS
īnnannam	īnna=nna=m	ADV;3SG.ABS;CON
abi	avi	noun;ABS
tugalla	tugali-na	noun;RELAT.PL.ABS
āġridal	aġri-da=l	noun;DIR;3PL.ABS
taržuwannida	taržuwa+ni-ne-da	noun;RELAT.SG;DIR
pudulimašši	fud+ol+i+m+a+šše	noun;ABS
piga	pig-a	verb;INT
ḫūžia	ḫūž-i-a	verb;TR;3A.SG
kudukku	kud-o-kko	verb;INT;NEG
uminīe	omini-e	noun;3POSS.SG.ABS
fouguġūm	fog-oġ-o-m	verb;oġ;TR.PFV;3A.SG
agašši	ag+a+šše	noun;ABS
māri	mar-i	verb;ANTIP
mānnin	māni-ne-n	noun;RELAT.SG;ABL/INS
šaġurunuwaba	šaġurunuwa-va	noun;DAT
nērne	nēr+ni	noun;ABS
katkini	kat+ki-ne	noun;ABL/INS
nāldiri	nāldiri	noun;ABS
ananareškinibāe	an+an+ar+i+ški-ne-ve-ae	noun;RELAT.SG;GEN;INS
nēli	nēli	noun;ABS
ivā	iv-a	verb;INT
kuttae	kutte-ae	noun;INS
šēža	šēži-a	noun;ESS
mādillilla	mādili-ne-e=lla	noun;RELAT.SG;DIR/LOC;3PL.ABS
enāe	eni-ae	noun;INS
madōli	mād-ol-i	verb;ol;ANTIP
šabinuwaġinibina	šabinuwa-ġe-ne-ve-na	noun;ADJ;RELAT.SG;GEN;RELAT.PL.ABS
ḫuišša	ḫo+i+šše-a	noun;ESS
pārellandin	pār-ill-and-i-n	verb;ill;PL.A;MOD.AG;n
kubāġinel	kubāġi-ne-e=l	noun;RELAT.SG;DIR/LOC;3PL.ABS
urgi	urgi	noun;ABS
šiēž	šiye-ž	noun;ERG
kutteni	kutte-ne	noun;ABL/INS
fadeġib	fad-eġ-i-b	verb;eġ;ANTIP;b
ḫōbiž	ḫōbi-ž	noun;ERG
pagammuž	pag+a+mme-ož	noun;EQU
ḫuruššibināža	ḫur+o+šše-ve-na-až-a	noun;GEN;RELAT.PL;PL;DAT/ESS
pāššaḫḫi	pāšš+aḫḫ+i	noun;ABS
šīra	šīr-a	verb;INT
tapti	tapti	noun;ABS
pāžida	fāži-da	noun;DIR
ḫāe	ḫa-i	verb;TR.IMP
āštīva	āšte-i-va	noun;3POSS.SG;DAT
ḫiraġella	ḫir-aġ-i=lla	verb;aġ;ANTIP;3PL.ABS
ažarbaššina	až+arb+a+šše-na	noun;RELAT.PL.ABS
iža	iža	noun;ABS
kuzuġi	kuz+o+ġe	noun;ABS
assusḫa	assusḫi-a	noun;ESS
ḫōdra	ḫōdri-a	noun;ESS
maēttana	maētta+ni-a	noun;ESS
silmanidab	silm+an-ed-aw	verb;FUT;1A.SG
sūgētteni	sūgētte-ne	noun;ABL/INS
šelluššae	šell+o+šše-ae	noun;INS
maġāra	maġ-ar-a	verb;ITER;3A.SG
ḫutḫi	ḫutḫi	noun;ABS
kumminivož	kumme+ne-ve-ž	noun;GEN;ERG
ḫiaruḫḫina	ḫi+ar+o+ḫḫe-na	noun;RELAT.PL.ABS
alōlašši	al-ol-a-šše	verb;ol;3A.SG;NMLZ.ABS
umbu	umbu	noun;ABS
tīdiw	tīd-i-o	verb;TR;2A.SG
arulim	ar-ol-i=m	verb;ol;TR.IMP;2SG.ABS
temiġa	temiġi-a	noun;ESS
ištanin	ištani-n	noun;ABL/INS
allanzōn	allanzō=n	noun;ABS;3SG.ABS
mužunna	muž+u+ni-na	noun;RELAT.PL.ABS
ašḫō	āšḫ-o	verb;MOD.PAT
itkaišša	itk-i-ai-ž=nna	verb;MOD.AG;PURP;ž;3SG.ABS
sabalgina	sabal+gi-na	noun;RELAT.PL.ABS
šināi	šine-ae	NUM;INS
arōlullub	ar-ol-ull-o-m	verb;ol;ull;TR.PFV;3A.SG
nakkuppu	nakk-uffu	verb;1A.SG.NEG
nabarbin	nabarbi=n	noun;ABS;3SG.ABS
turbōri	turb+ō+re	noun;ABS
itkulāež	itk-o-l-ai-ž	verb;MOD.PAT;l;PURP;ž
tedera	tederi-a	noun;ESS
patteni	patte-ne	noun;ABL/INS
eġinen	eġi-ne-n	noun;RELAT.SG;ABL/INS
ḫāibād	ḫa-i-b-a=d	verb;ANTIP;b;EPNTH;1SG.ABS
nāwunnebina	nau+ni-ne-ve-na	noun;RELAT.SG;GEN;RELAT.PL.ABS
kungallē	kungallē	noun;ABS
šažanōva	šaž-an-o-eva	verb;an;MOD.PAT;POT
nūduža	nūd-ož-a	verb;PST;3A.SG
tapteni	tapti-ne	noun;ABL/INS
ḫebapta	ḫebad-va	noun;DAT
šuġa	šuʾi-a	noun;ESS
ḫīdūri	ḫīd-ur-i	verb;ur;ANTIP
fēnāna	fēn-an-a	verb;an;INT
fel	fē-lla	PRON;PL.ABS
fažamma	faž-a=mma	verb;INT;2SG.ABS
ḫapsuri	ḫapsōri	noun;ABS
miržāl	mirž-a=l	verb;INT;3PL.ABS
pirundōġa	pirund+ō+ġe-a	noun;ESS
ḫaniri	ḫan+i+re	noun;ABS
tūrīe	tūri-i-e	noun;3POSS.SG;DIR/LOC
itkaštib	itk-ašt-i-b	verb;RES;ANTIP;b
tunidu	ton-id-o	verb;PL.A;TR.PFV
pērġēna	pēri-ġe-na	noun;ADJ;RELAT.PL.ABS
ižibāi	iži-ve-ae	noun;GEN;INS
nigalōba	nigalo-va	noun;DAT
šukkuttatta	šukk+utt-a=tta	verb;INT;1SG.ABS
ūmbiža	umb-iž-a	verb;iž;3A.SG
ḫažarāe	ḫāž+ar+i-ae	noun;INS
ḫēri	ḫeri	noun;ABS
kivērāšta	kevri-na-až-da	noun;RELAT.PL;PL;DIR
šōraššella	šōr-a-šše=lla	verb;INT;NMLZ.ABS;3PL.ABS
aštuḫḫinažāi	ašt+o+ḫḫe-na-až-ve-ae	ADJ;RELAT.PL;PL;GEN;INS
abibaž	abi-iffe-až	noun;1POSS;PL.ABS
nuḫḫaže	nuḫḫ+a+že	noun;ABS
nabarbiž	nabarbi-ž	noun;ERG
ižaž	iž-až	PRON;ERG
ḫellibādi	ḫill-i-vade	verb;AG;ADJ.NEG.ABS
uniġiani	un+i+ġe-i-ane	noun;3POSS.SG;ABL/INS
tēama	te-i-a-ma	verb;TR;3A.SG;NEG
