sūlūde	sul+ud-i
ḫužušta	ḫōž-ož-d-a
alubadinaža	al+o+bade-na-až-a
ḫīria	ḫīri-i-a
tažulūwa	taž-ol-u-a
ābi	āb-i
šummundidum	šummun-d-id-o=m
iškinna	išk-i=nna
āġaštetta	aʾ-ašt-ed-d-a
idibuda	idi-v-oda
ammummi	amm+u+mmi
ulōštel	ol-o-ež=dil
saḫḫā	saḫḫi-a
šena	šena
nešša	nešši-a
kiligileštum	keli+gel-išt-o-m
talmuššini	talmošše-ne
ḫavōrunnišša	ḫavor+ni-ne-ž=nna
šuinež	šui-ne-ž
šara	šāri-a
tamrīl	tamri-i=l
painibanel	paini-v-ane=l
fondurunnenna	fondur+o+ni-ne-e=nna
magaldiniba	magaldi-ne-va
šūrōm	šūr-o-m
pindaianni	pindaia+ni-ne
uštae	ošt-i-ai
nakkiōffuž	nakk-i-uffu-ž
sāzallaž	sāzalla-ž
šavallāži	šavli-na-až-ve
ḫerāġi	ḫeraġi
ammen	amm-i-en
šenzūwatta	šen+z+ūwi-a=tta
nabarbinida	nabarbi-ne-da
pudulināi	fud-ul-in-i-ai
avena	ave-na
kargāni	karg+ā+ni
tālinēda	tāle-ne-da
abiššā	ave-ž=nna
tunivadai	ton-i-vade-ae
pirida	piri-da
tabakka	tabakki-a
uenaval	uenawa-ž=l
nēra	nēr-a
pārirunni	pār+i+r+o+ni-ne
inutta	inu=tta
šagarēlla	šag+ar+i-i=lla
tagi	tagi
kināe	kini-ae
šōġaššini	šōġ+a+šše-ne
fandin	fandi+n
ašḫuwe	āšḫo+e
sigaldi	sigaldi
azallin	azali-ne-e=n
ārari	ārari
tamginaž	tamgina-ž
nakki	nakk-i
kammiššōri	kammiššōri
talaḫḫidu	tal+āḫḫ-id-o
nerēda	nera-e-da
naveda	nav-ed-a
tara	tār-a
anammimma	anammi=mma
aruluššina	ar-ol-o-šše-na
šīenāi	šiye-ne-ae
allāni	alla+ni
alumma	al-umme-a
itkašta	itk-ašt-a
teššužum	tešš-ož-o-m
tiba	tibi-a
tādittiniala	tāditti+ni-i-a=lla
neššēna	nešši-na
šilāġi	šilāġi
ōlbīni	olvi-ne-e
nawunnež	nau+ni-ne-ž
šērāmmi	šērāmmi
ažia	až-i-a
nēravi	nera-ve
eža	eže-a
mānal	man-a=l
migummi	mig-umme
ḫaulillāndu	ḫa-ol-ill-and-o
itkuštum	itk-ušt-o-m
idarrāi	id-ar-i-l-ai
ižuštel	iž-o-ež=dil
adaššene	ad+a+šše-ne-e
tūnāḫḫi	ton-aḫḫ-i
ulānōm	ul+ān-o-m
šellida	šelli-da
iraden	erade-n
ūrmi	ūrmi
tōġadib	tōġ-ad-i-b
kirġivi	kirġe-ve
pullibāe	poli-ne-ve-ae
šidarbul	šidarbu-ž=l
pāġūma	pāġ-u=ma
ōššužanna	ōšš+o+že-a=nna
šūbīniva	šubi-ne-va
kakkari	kakkari
pižirri	pižiri-ne
kišḫinin	kešḫi-ne-n
talmōġa	talm+oḫḫe-a
kaliani	kāli-i-ane
fōrullažul	fōroli-na-až-ož=l
tunōštum	ton-ošt-o-m
ḫiraġella	ḫiraġe-i=lla
mēginež	mēgi-ne-ž
ḫōžia	ḫōž-i-a
aēššam	aēšši-a=m
āšša	āšši-a
ḫavōrunnini	ḫavor+ni-ne-ne
tīda	tīd-a
āġrāilī	aġrā-i-le
šelluġulla	šell+o+ġ+o+li-na
šōruž	šōr-o-ež
āmmīnīn	āmmī-ne-n
tugrižōġa	tugriž+ō+ġe-a
kīgi	kīge
ušḫārīda	ušḫ+ār+i-i-da
tōmva	tōmv-a
miržāl	mirži-a=l
kōlež	kol-i-ež
ḫavōrunnibi	ḫavor+ni-ne-ve
eššaeni	eššae-ne
nubin	nubi-n
pōriba	fōri-i-va
šebāra	šeb-ar-a
piduffa	pid+uff-a
mala	mal-a
arduġiniž	ard+o+ġe-ne-ž
kādūlāīn	kad-o-l-ai-n
ēbriva	evri-i-va
kippinež	kippi-ne-ž
kulmuri	kulm+o+re
fonuġunna	fonuġ+o+ni-na
ḫōruppi	ḫōr-upp-i
tāma	tami-a
emašše	eman+že
ažiġi	až+i+ġe
aramdōm	ar-am-d-o-m
ḫuštenāža	ḫušte-na-až-a
sulūda	sul+ud-a
sibi	sib-i
tēni	tē+ni
pālī	pāli
ūmmēġa	umm-eġ-a
uwallinni	uw+all+i+nni
mādi	mād-i
kirarni	kir+ari+ni
faššara	fašš-ar-a
aīmma	ai=mma
mužuniba	mužoni-va
šāġlēž	šāġli-e-ž
udānab	ud-an-a-b
pišḫi	pišḫ-i
sumġar	sumġar
šelužēda	šel+o+že-i-da
itkulimašši	itk+ul+i+m+a+šše
kuliġiani	kul+i+ġe-i-ane
ēbrinnaža	ever+ni-na-až-a
ḫīla	ḫili-a
mini	mini
mūžēdā	mūž-ed-a
eda	idi-a
fāġōža	faġ-ož-a
fašši	fašš-i
paššarugāra	pašš+ar+ugār+i-a
šēġalumalla	šeġal-umme-a=lla
eġlianaž	eġli+ana-ž
šēra	šēri-a
ḫāiži	ḫa-iž-i
šiašši	šī-a-šše
sōbāra	sōbāri-a
sūwae	sūve-ae
targi	tar+ġe
šēni	šēn-i
kāmmi	kamme
ḫōrāmi	ḫōr-am-i
selmi	selmi
tōġaduppu	tōġ-ad-uffu
kižipsōvāe	kižipsōvae
agulla	aguli-na
kulužašši	kul-ož-a-šše
passūwa	pass-u-a
tēġuššeni	tēġ+o+šše-ne
kūliamma	kul-i-a-mma
taġavure	taġav+o+re
nālli	nāli-ne
tazakkaštura	tazakkašturi-a
avarrašta	avari-na-až-da
ežābēma	iža-ve=ma
fažamma	fāži-a=mma
ḫōšti	ḫōšti
egunniž	eg+o+nni-ž
ištanīma	ištani-i=ma
šāladeni	šālade-ne
ōšši	ōšš-i
ḫārapḫāīb	ḫār+a+ġe-ve-ae=v
laġlaḫḫini	laġlaḫḫi-ne
uniġiž	un+i+ġe-i-ž
agiden	ag-id-en
naḫḫa	naḫḫ-a
ḫuwe	ḫō-i
kibe	kev-e
kirarnež	kir+ari+ni-i-ž
širnib	šīr+ni-v
ḫālōli	ḫālōli
užōna	už-on-a
ašḫužikkuninibi	āšḫ+ož+i+kk+o+nni-ne-ve
šeġala	šeġal-a
šikkinažan	šikki-na-až-a=an
armimmi	arm+i+mmi
šarra	šarri-a
iška	išk-a
tarriž	tāri-ne-ž
ḫāžarri	ḫāž+arri
ažānēdāw	až-an-ed-aw
tāgōri	tāg+ō+re
egōna	eg-on-a
šildanurum	šil-d-an-ur-o-m
murrīe	murri-i-e
ulluġužibāe	oll+uġ+o+že-ve-ae
tapḫa	tapḫi-a
lullueneve	lullue-ne-ve
keššenīel	kešše-ne-ž=l
anziġiaž	anz+i+ġe-i-až
irde	irde
ūrrugivuwi	ūrrugi-iffu-ve
mātta	mād-d-a
ḫōdenažāi	ḫōde-na-až-ve-ae
mānuž	manu-ž
taržuwannež	taržuwa+ni-ne-ž
sōīb	sōī-v
katkāi	kat+ki-ae
ḫapsurib	ḫapsōri-v
šarra	šarr-a
ḫōenēva	ḫowe+ni-e-va
ḫōruppi	ḫūruffe
tāġa	tāġ-a
kābarra	kābari-na
nutkiġa	nutk+i+ġe-a
āšḫōmainibinidal	āšḫ+ō+m+ai+ni-ve-ne-da=l
ḫinzurulāež	ḫinz-ur-o-l-ai-ž
šōlidu	šōl-id-o
kēlġēdeni	kēlġēdi-ne
fōriffān	fōri-iffe-a=an
anni	anni
tīvollan	tīv-o=lla=an
amašteda	am-ašt-ed-a
sigaldi	sig+al-d-i
suruški	sur+u+ški
nirāe	neri-ae
kirētte	kerētte
ḫōmarida	ḫōmari-da
ḫinimma	ḫenni=mma
abin	avi+n
šūrūži	šūrūže
šāžuda	šo-až-oda
kilūni	kil+ōn-i
sīgila	sīgili-a
ennida	enni-da
awfa	auwi-a
ābi	ābi
ariamma	ar-i-a-mma
iraden	ir-ad-i-en
šālabnira	šālab+ni-i-ra
ḫēlištu	ḫēl-išt-o
amīri	amīri
ište	ište
kirarinni	kir+ar+i+nni
itkidu	itk-id-o
alubasḫini	al+u+b+a+sḫi-ne
ardūri	ard-ur-i
ḫalandi	ḫalandi
urūbi	urūbi
avāštum	av-ašt-o-m
šūrnīma	šūrni-i=ma
tawti	taudi
anaḫḫužellae	an-aḫḫ-ož-ill-i-ai
pāġana	pāġani-a
abin	avi=n
ḫāžimmie	ḫāži+mmi-e
ārrida	āri-ne-da
šīna	šī+ni-a
ērni	ērni
ḫīla	ḫil-a
pizigarra	pizigarra
šālada	šāla-da
purrēnni	pur+i+rē+nni
erade	erade
ḫassizi	ḫassizi
šōra	šōr-a
sablungi	sabl+ung+i
ḫebad	ḫebad
uššulēž	ōšš-o-l-ež
ḫebattenažuž	ḫebad-ve-na-až-ož
ḫellidi	ḫill-ed-i
āššōlāež	āšš-o-l-ai-ž
nikkal	nikkal
šidōri	šid+ō+ri
fažūlima	faž-ul-i=ma
irġāri	irġāri
kiraššulaēž	kir+ašš-o-l-ai-ž
ḫaštalli	ḫašt-al-i-le
pārendūž	pār-ind-o-ež
egužri	egužri
igida	egi-da
pirugāra	pir-ugar-a
ḫažari	ḫāž+ar+i
ubugarženi	ub+ugar+že-ne
ažōġiž	ažōġi-i-ž
ubīn	ove=n
idedi	id-ed-i
šēġa	šēġa
tābīw	tab-i-o
arian	ar-i-en
mādinaža	mādi-na-až-a
keššenišša	kešše-ne-ž=nna
ḫīžāri	ḫīž+ār+i
pātte	patte
ēḫḫa	ēḫḫi-a
uġni	oġ+ni
šēġan	šēġa-n
tara	tāri-a
taduġebābi	tado.ḫeba-ve
ežuġnež	ižuġ+ni-ž
āpsukkuž	āpsukki-ož
kilōlu	kēl-ol-o
ḫanniž	ḫani-ne-ž
ḫawsuġa	ḫauz+o+ġe-a
šukkuttattam	šukk+utti-a=tta=m
ḫelda	ḫild-a
murrāe	mor-i-l-ai
ālva	ālv-a
aġarrež	aġri-ne-ž
naktib	nakti-v
tōpšida	tōpš-ed-a
teššub	teššob
ēmmanzeneva	eman+že-ne-va
kumruḫḫāl	kumr+o+ḫḫe-a=l
aġarribi	aġri-ne-ve
nēbāži	nēb+ā+že
paruž	pari-ož
ḫalminibi	ḫal+mi-ne-ve
pirrib	piri-ne-e=v
tebušḫāi	tiv+o+šḫi-ae
tivivudab	tive-v-oda=m
kumdi	kūm+de
tēġulla	teġ-ull-a
nakkidaššu	nakk-ed-aššo
alummai	al-o+m+ai
itkōlāi	itk-o-l-ai
nudanzaġīvan	nudan+z+a+ġe-i-va=an
āššōribi	āššōri-ve
pāži	fāži-i
eradāe	erade-ae
šinzamma	šin+ze-a=mma
fenda	pend-a
sulōženie	sul+ō+že-ne
aruwallāena	aruwallāe-na
ari	ari
pāžiba	fāži-va
nīġriažīel	nīġr+i+a+že-i=l
kivori	kev-o-re
awtuwi	audūi
kubaġāe	kub-aġ-i-ai
sulgi	sul+gi
šeġruž	šeġri-ož
tāžae	taže-ae
talavožināži	talāv+o+že-na-až-ve
ummallidašše	umm-all-ed-a-šše
fōrida	fōri-da
kanagitḫi	kanagitḫe
urunnida	or+o+nni-da
sāžulōža	sāz-ol-ož-a
šāli	šāli
sēži	sēži
tāli	tāle
kūlīna	kuli-na
ārdenibina	arde-ne-ve-na
šōva	šowa
kažidabima	kažidabi=ma
itkalzinivināžummin	itkal+zi-ne-ve-na-až-ož=mma=an
ašḫunilla	ašḫo-ne-e=lla
ārrivaž	ar-i-l-eva-ž
nirida	neri-da
ideda	idi-da
nilōž	nil-o-ež
šidāra	šid-ar-a
ugulgul	ugulg-o=l
uēkki	uwēkki
ažuri	až-o-re
ažanub	až-an-o-m
alālae	alāli-ae
ḫōrruštāw	ḫōrr-ošt-aw
urgina	urgi-na
eguššulāež	eg+o+šš-o-l-ai-ž
šēġaludiž	šeġal-ud-i-ež
itkalzinibinež	itkal+zi-ne-ve-ne-ž
šurbigina	šurbigi-na
kūgukku	kūg-o-kko
kula	kuli-a
indannim	ind+a+ni-ne-e=m
aōl	aō=l
itta	itt-a
ummallidašše	umm+all+id+a+šše
fažab	faž-a-b
mirulavāl	mir+ul+avi-a=l
fōri	fōri
ḫibulēž	ḫib-o-l-ež
šiminež	šimi-ne-ž
enad	eni-a=d
kuruppa	kur-upp-a
ebāni	ebāni
ubūža	ub-ož-a
umbōž	umbi-ož
šīġāi	šēġ-i-ai
tīvenniva	tive-ne-va
uriu	ur-i-o
šeġelza	šeġel+zi-a
ḫūžia	ḫūži-i-a
kammaḫḫinež	kamm+a+ḫḫe-ne-ž
širadili	šir+ad-i-le
šāišḫi	šā+i+šḫe
nāva	nav-a
īama	īa=ma
naveda	nave-da
māduwa	mād-u-a
āšti	āšte-i
ōššōšti	ōšš-ošt-i
āšḫitḫini	āšḫ+i+tḫe-ne
tapšuržai	tapš+ur+že-ae
inzarra	en+zari-na
nakkiwfošša	nakk-i-uffu-ž=nna
ḫudidaw	ḫōd-ed-aw
ḫuwe	ḫowe
ažuġiniva	až+oġi-ne-ve-a
ištuma	ištumi-a
šēalidin	šē-al-id-en
amissaduž	amissadu-ž
muwiri	mū+i+re
pāžib	fāži-v
kulmōrrin	kulmōri-ne-n
šidarni	šid+ar+ni
tālāḫḫīb	tal+āḫḫ-i-b
talabōžinažuž	talāv+o+že-na-až-ož
šumunnež	šumni-ne-ž
težuġarġida	tež+uġ+ar+ġe-da
ebirna	ever+ni-a
tēa	tiye-e-a
nāuffa	nā-uff-a
šummīda	šummi-i-da
ḫōidu	ḫō-id-o
ēbrināžōnna	ever+ni-na-až-onna
nūwarrīvan	nūv+ar+i-ne-va=an
futkiž	fut+ki-i-ž
nakkidūwa	nakk-ed-u-a
idenni	idenni
fārie	fāri-e
ḫāra	ḫār-a
ōllini	ōlli-ne
ōġni	ōġ+ni
tarallibi	tarali-ne-ve
tāġa	tāġe-a
puġuiridama	puġuiri-da=ma
nōvarēm	nōv+ar+ē=m
šindižūwad	šindi+ž+ūwi-a=d
suppini	suppi-ne
ḫara	ḫāri-a
kēnnādal	kēnn+ār+i-a=l
magaldinibād	magaldi-ne-va=d
kamveda	kamv-i-d-a
ḫaštalli	ḫašt+al+i-ne
tabiribuwi	tab+i+re-iffu-ve
šeġla	šeġli-a
šōraššella	šōr+a+šše=lla
ižīma	iž-i=ma
fōrīman	for-i=m=an
mandukkaella	mandukki-ae=lla
kakkara	kakkari-a
āššaniba	āšš-an-i-eva
udipšarran	udip.šarra-a=an
tānumāgāi	tānumāgi-ae
ḫōbrib	ḫōbri-v
paššiġiani	pašš+i+ġe-i-ane
tīdida	tidi-da
māli	mali
fāžīva	fāži-i-va
tubinažuž	tōbi-na-až-ož
tažmežarri	tažmi.šarri
univia	univi-i-a
pendidu	pend-id-o
tūrīn	tūri-n
agōži	ag-ož-i
sanzāmi	sanzāmi
ḫažimma	ḫaž-i+m+ai
eġlibinibina	eġli-ve-ne-ve-na
karapteda	kar+apt-ed-a
igina	igi-na
ānzamma	anzi-a=mma
tōbāe	tōbi-ae
negri	negri
ḫōrražalla	ḫōri-na-až-a=lla
fūru	fūr-u
enitḫarra	en+i+tḫ+ar+i-na
inġara	inġ+ar+i-a
itkulundašši	itk-ol-u-nd-a-šše
ežuġni	ižuġ+ni
lablaḫḫinež	labla+ḫḫe-ne-ž
pāžannel	fāžani-ne-e=l
igingališḫenāma	igingališ-ġe-na=ma
šiurivain	ši-ur-i-va-en
tīa	tiye-i-a
šāvālli	šavli-ne
tevena	tive-na
šōi	šō-i
itkinduž	itk-ind-o-ež
nuladenež	nul+ade-ne-ž
sōbinēra	sōve-ne-ra
taġēnivāl	tāġe-ne-va=l
tābužudam	tab-ož-ud-a=m
uria	ure-a
šummini	šummi-ne
ažōġiž	až-oġ-i-ež
nabarbi	nabarbi
ḫōrvāde	ḫōrv+āde
ḫōmari	ḫōmari
ḫižarduġullēbi	ḫiž+ar+d+o+ġ+o+li-ne-ve
eġlibi	eġli-ve
agum	ag-o-m
šurbēgi	šurbēgi
nāžarni	nāž+ar+ni
tāžini	tāže-ne
ittilāe	itt-i-l-ai
ḫōpšineva	ḫōpši-ne-va
ōllini	oli-ne-ne
šurba	šurb-a
alzialli	ālžīālli
ḫēġōži	ḫēġ+ō+že
tadireškinibāe	tad+ir+e+ški-ne-ve-ae
faššara	fašš+ar+i-a
ḫōdellurražuž	ḫōdellori-na-až-ož
mužunniba	mužoni-ne-va
ašḫōnan	ašḫo-n=an
tālina	tāle-na
ḫavorunnima	ḫavor+ni-ne-e=ma
tapšāġina	tapš+āġ+i-na
kalgamižul	kalgamiž-ož=l
fāžuž	faž-o-ež
težuġarġi	tež+uġ+ar+ġe
ārdima	arde=ma
šōvaib	šowa-ae=v
šuġunnež	šōġoni-ne-ž
šīedi	šī-ed-i
teššōbaž	teššob-až
ḫīdam	ḫīdam
tadugarāe	tad+ugar+i-ae
uzi	uzi
nūduža	nūd+o+že-a
kikkunima	kikk+o+ni=ma
ūmmumaššiniva	ūmm+um+a+šše-ne-va
arāgi	arāgi
šeġalamma	šeġali-a=mma
kadānu	kad-an-o
attaippināža	atta+i-v-ve-na-až-a
šiummeni	šī-umme-ne
fōrunziġi	fōrunz+i+ġe
kadimma	kad-i=mma
kilānež	kil+ān-i-ež
katta	kad-id-en
šūre	šuri
apsižnāġi	apsižnā-ġe
ševerrāže	ševeri-na-až-ve
tipšar	tip+šari
paria	pāri-i-a
kirenze	kire+n+ze
adal	ad-a=l
ardūri	ardūri
kāža	kāž-a
ižammi	iža+mme
šuēž	šōe-ž
išteniffāmma	išteni-iffe-a=mma
šarrašši	šarr+a+šše
ḫaburni	ḫavor+ni
eġlibinibināža	eġli-ve-ne-ve-na-až-a
pāenippa	pāeni-v-va
itkummi	itk-umme
tattin	tad-id-en
kelde	kēl-d-i
ḫōžuni	ḫōž-on-i
uwa	uwi-a
aribiblaž	arib.ebla-ž
simidaduž	simidadi-ož
šēġalubada	šēġal+o+bade-a
šeġellibina	šeġli-ne-ve-na
agib	ag-i-b
šerrē	šēri-ne
pēdāri	ped+ar+i
teġeštab	teġ-išt-a-b
naunnibi	nau+ni-ne-ve
taġuwadinēda	taġ+o+vadi-ne-da
nābu	nāb-u
sazulda	saz+ul+di-a
tamgarida	tamgāri-da
īamma	īa=mma
tānu	tānu
ḫenzā	ḫenz-a
šiānima	šiāni=ma
amarikkuwanin	amarikkuwa-ne-n
šarrēna	šarrē-na
pišḫi	pišḫi
egušši	eg+o+šš-i
suḫḫinie	suḫḫi-ne
ašteniva	āšte-ne-va
kiškižiaššenina	kiš+kiž+i+a+šše+ni-na
īad	īa=d
nuġunab	nuġ+o+ni-a=m
ḫōruwāda	ḫōr+o+vāde-a
ileška	ileški-a
purammib	pura+mmi-v
turuḫḫina	tor+o+ḫḫe-na
teba	tebe-a
ḫutḫiž	ḫutḫ-i-ež
kadīw	kad-i-o
ūrdaššinēlla	ūrd+a+šše-ne-ž=lla
anamma	anam=ma
alġi	alġi
attānima	atta+ni=ma
favanašta	paba+ni-na-až-da
adašši	ad+a+šše
paššarugāra	pašš-ar-ugar-a
šavuškava	šavoška-va
abinie	abi-ne
puduž	fud-o-ež
nūrbiniž	nūrbi-ne-ž
tidiam	tidi-i-a=m
titta	titt-a
tibāġōm	tiv-aġ-o-m
pāġrōžinež	faġr+o+že-ne-ž
ḫibaptenida	ḫebad-ve-ne-da
nāniž	nāni-ž
šubrianaž	šubri+ana-ž
mādena	mādi-na
nērida	nēr-ed-a
fažumai	faž-o+m+ai
teḫpa	teḫp-a
šadanniž	šadani-ne-ž
sablašši	sabl+a+šše
tunitḫibe	tun+i+tḫe-iffe
kadib	kadi-v
ḫideneve	ḫide-ne-ve
ḫāžarridal	ḫāž+arri-da=l
sakkandi	sakkandi
tāġēma	tāġe=ma
pāinniž	paini-ne-ž
šōima	šōe=ma
unel	un-i=l
sōššiuž	sōšši-i-ož
nerīda	nera-i-da
ḫōbidōda	ḫōbidōdi-a
uššōm	ōšš-o-m
fōrulžarražan	fōrol+žari-na-až-a=an
taržuwannaža	taržuwa+ni-na-až-a
itkanzalla	itkan+zi-a=lla
egi	egi
šauška	šavoška
ai	ai
arīvin	arīvi-n
nakkašḫa	nakk+a+šḫe-a
attāne	atta+ni
taġažīb	tāġ-až-i-b
ḫōdōma	ḫōd-o=ma
šōġuri	šōġori
putki	fut+ki
ḫāigalli	ḫāigali-ne
tamrian	tamri-i-a=an
šummi	šummi
elamirġena	elm+ir+ġe-na
parissade	pariss+ade
teġulli	teġ+ol+i-ne
ḫāžažimmi	ḫāž+až+i+mmi
tiba	tiv-a
uminna	omini-na
ḫārēni	ḫāri-e-ne
inibāi	ini-ve-ae
ninuwaġinešša	ninuwa+ġe-ne-ž=nna
ammatti	ammatte
aīb	ai=m
irbīnāža	ervi-na-až-a
ažmunigalōn	ažmo.nigalō=n
ḫennēma	ḫenni=ma
uštanēdi	ošt-an-ed-i
azaldēda	az-al-d-ed-a
ārnil	ārni-i=l
ebrež	evri-ž
šaburna	šabur+ni-a
fašši	fašši
šīġāi	šēġa-ae
šāri	šār-i
ōšše	ōšš-e
āšḫun	ašḫo-n
tāġiba	tāġe-i-va
šōima	šōe=ma
itkalzibāi	itkal+zi-ve-ae
uġōžamāšši	oġ+ōž+a+mā+šše
ḫāpšī	ḫapš-i
mōrrinibādel	mōrri-ne-va=dil
aluma	alu-o+m+ai
ḫēbādōi	ḫēbādu-ve
kumarvenella	kumarve-ne-ž=lla
ḫeiaruḫḫi	ḫi+ar+o+ḫḫe
šōrra	šōri-na
šukkuttattam	šukk+utt-a=tta=m
adal	ade-a=l
šōnia	šō+ni-i-a
ḫōnžini	ḫōnži-ne
ḫōrvini	ḫōrvi-ne
turžē	turžē
ḫōdannaražāe	ḫōd+a+nn+ar+a+že-ae
kōppannal	kōpp+a+nni-a=l
pāžia	faž-i-a
katkinažuž	kat+ki-na-až-ož
ue	ue
paibiblan	paib.ebla=an
šindiž	šindi-i-ž
šōlli	šolli
nažāgi	nažāgi
pēġi	pēġi
kulumbi	kul+u+mb-i
enudōbin	en+ud-o-va-en
sōnni	sōni-ne
šukka	šokk-a
ḫōraīa	ḫōra-i-a
kuldum	kul-d-o=m
šeġalummālla	šeġal-o-m-a=lla
mōrri	mōri-ne
fovāi	fovi-ae
ḫāžuža	ḫaž-ož-a
šūnīda	šō+ni-i-da
talēnež	tale-ne-ž
šumallam	šumali-na=m
uššeššinida	ušš+e+šše-ne-da
suzōnni	suss+ō+nni
ulme	ūl+me
ḫāšši	ḫa-a-šše
inġad	inġ-a=d
sāzulōšteri	sāz-ol-ošt-i-re
šummera	šummeri-a
temgiaža	tem+gi-i-až-a
tugalla	tug-a=lla
šebāra	šeb+ār+i-a
arbarra	arb+ar+i-na
nuwinduž	nū-ind-o-ež
šalġulēž	šalġ-o-l-ež
talinaža	tāle-na-až-a
palaġa	pal-aġ-a
mērež	mēr-i-ež
kāni	kāni
mandukkimma	mandukki=mma
ēbrinna	ever+ni-na
udepšarrāl	udip.šarra-ž=l
ižena	iže-na
sāzin	sāz-i-en
padni	padni
amudum	am-ud-o-m
tōrōbinibi	torove-ne-ve
eže	eže
āšḫōmain	āšḫ-o+m+ai-n
karapteda	karapte-da
šēria	šēr-i-a
umina	omini-a
šīġa	šīġi-a
aēššam	ave-ž=nna=m
ōššukkam	ōšš-o-kko=m
amulēž	am-o-l-ež
aiwpa	aiu-va
ašḫužikkunnima	āšḫ+ož+i+kk+o+nni=ma
kiražima	ker+ā+že=ma
māġri	māġri
lallarrež	lallari-ne-ž
ḫapšārūwa	ḫapš-ar-u-a
una	un-a
ḫupši	ḫupš-i
pindun	pend-o=n
ḫōbri	ḫōbri
subnīa	subn-i-a
ōrdōbōr	ōr+d-o-vor
mannamištun	mannamištu=n
kēbina	kēbi-na
immandena	immande-na
uīrrivenāža	uwīri-ne-ve-na-až-a
telippa	tel-i-b=ma
areššal	ar-i-ež-a=l
azallin	az-al-i-le=n
šešfe	šešfe
timarri	timeri-ne-e
šōvae	šowa-ae
šēri	šēri
kinnāri	kinn+ār+i
kirunna	kir-o=nna
paibiblaž	paib.ebla-ž
sugazūganišša	suga+zūg-an-i-šše-a
karži	karži
ari	ar-i
šabla	šavli-a
āžri	āžri
ḫāža	ḫāži-a
ḫutḫiž	ḫutḫi-i-ž
šōduštiēž	šōd-ošt-i-ež
kumarbinive	kumarve-ne-ve
pudūri	fud-o-re
šinnaġinippaž	šinnaġi+ni-iffe-až
kadulen	kad-ol-i-en
pēdarriž	ped+ar+i-ne-ž
uštedia	uštedi-i-a
azusḫi	azusḫi
ubina	obi-na
tāġinibinež	tāġe-ne-ve-ne-ž
purġa	purġ-a
idi	id-i
pindaulda	pend-aʾ-ol-d-a
tāġibāe	tāġe-ve-ae
išti	ištani-i
alurina	al+o+re-na
kunzimai	kunz-i+m+ai
egi	egi
faeli	fael-i
eliškaella	eliški-ae=lla
taġōbi	taġōbi
mānōl	man-ož=l
šīrnamma	šīr+ni-a=mma
nawnībuwe	nau+ni-i-e
nāli	nāli
ḫanumbasḫida	ḫan+u+mb+a+sḫe-da
kāža	kāži-a
alulda	al-ol-d-a
abima	ave=ma
tali	tale
uža	už-a
pāri	pār-i
ḫelda	ḫilde-a
kešḫidan	kešḫi-dan
abriāži	abri-i-až-ve
fandarinināma	fand+ar+i+nni-na=ma
šallaena	šallae-na
faġruwāde	faġr+o+vāde
agab	ag-a-b
agulūwa	ag-ol-u-a
āssarōḫḫa	āss+ar+ō+ḫḫe-a
avalġa	av+al+ġe-a
paġruž	faġr-o-ež
alikki	al-i-kki
pāra	pāri-a
teeia	tē-i-a
ažulain	až-o-l-ai-n
āni	āni
sālī	sāli
pāžinida	pāže-ne-da
ene	eni
šeġlu	šeġ+l-u
kulmu	kulm-o
unib	un-i-b
simidada	simidadi-a
milulādu	mil-ol-ad-o
kužapḫi	kužaġ-ve
kiluffa	kēl-uff-a
munuž	mun-o-ež
tupḫa	tupḫi-a
mēginella	mēgi-ne-ž=lla
neġirna	neġer+ni-a
paria	par-i-a
kažla	kažl-a
igi	igi
šatti	šātt-i
šilaġugarilla	šil-aġ-ugar-i=lla
nēlaban	nēla-v-a=an
šindāib	šindai=v
ōšši	ōšši
azamaruliēž	az-am-ar-o-l-ež
uētta	uwētti-a
šašfe	šašfe
kenna	keni-na
ašḫuidan	ašḫo-i-dan
išḫara	išḫara
ḫīžāri	ḫīž-ar-i
itkundōri	itk+und+o+re
faštu	fašt-o
kapšinina	kapši-ne-nna
namla	namli-a
šilāġi	šil-aġ-i
pēġi	pēġ-i
eževabun	ežeb.ābu=n
amuwīn	am-o-en
ḫalzinibi	ḫalze-ne-ve
šindai	šindai
tižab	tiža-v
eradiniž	erade-ne-ž
tūmniažūž	tomni-i-až-ož
turuḫḫe	tūr+o+ḫḫe
alulū	al-ol-u
šabadnimma	šabad+ni=mma
farinināma	uw+ar+i+nni-na=ma
paġmi	paġmi
irveniž	ervi-ne-ž
nirġa	nirġi-a
šagumženež	šag+um+že-ne-ž
ḫāib	ḫa-i=m
ḫēaraštēda	ḫē-ar-ašt-ed-a
īllulia	īll-ol-i-a
attaivi	atta+i-i-ve
fudarinalla	fud+ar+i+nni-a=lla
tālūlīžanna	tāl+ūl+ī+že-a=nna
tamgarrida	tamgāri-ne-da
naiġēna	na+i+ġē-na
eguššinažuž	eg+o+šše-na-až-ož
attaebini	atta+i-i-ve-ne-e
tēna	tē+ni-a
itkalzinibinažuž	itkal+zi-ne-ve-na-až-ož
pāttarribi	pāttari-ne-ve
tabrāna	tabrani-a
kikkuġēda	kikk-oġ-ed-a
kamēnež	kamme-ne-ž
ḫāḫḫiniž	ḫāḫḫi-ne-ž
šeġalaššiġinimma	šeġal+a+šše+ġe-ne-e=mma
ilāvān	ilāvā-a=an
šuškib	šušk-i-b
ḫanubasḫi	ḫān+u+b+a+sḫe
tālāl	tale-a=l
ištennanan	išteni-na=nan
tiḫḫida	tiḫḫ-ed-a
tabra	tabri-a
tāda	tādi-a
tizū	tiz-u
izuziva	izuzi-i-va
āšḫuž	āšḫ-o-ež
nakti	nakti
ḫalikkuli	ḫalikkuli
šešteni	šešti-ne
ulluġužellāin	oll+uġ-ož-ill-i-ai-n
allīġa	all+ī+ġe-a
ḫattōġināža	ḫatt+o+ġe-na-až-a
ḫimzatḫōži	ḫimz+a+tḫ-ož-i
talmašti	talm-ašt-i
šōniaž	šō+ni-i-až
arnāi	arni-ae
šeġalama	šeġal-a=ma
amōmāb	am+o+mi-a=v
kiāžēni	kiaže-ne
irdib	irde-v
talaḫḫum	tal+āḫḫ-o-m
igi	ig-i
itkiaž	itk-i-a-ž
arulib	ar-ol-i-b
aġarrēl	aġri-ne-ž=l
azaldili	az-al-d-i-le
šia	ši-a
attaida	atta+i-da
ḫullurēva	ḫull-ur-i-eva
šimegai	šimiga+i
talippa	tale-iffe-a
ḫīlēšta	ḫīlēšti-a
piġida	piġi-da
tātḫināmma	tatḫi-na=mma
ōlluġaīnna	oll+uġ-i-ai=nna
suwadatte	suv+ad+atte
šiali	šiali
tāġe	tāġe
īad	īa=d
aga	agi-a
fēlluža	fēll-ož-a
savāldum	sav-al-d-o-m
aġarrēba	aġri-ne-va
šelužēda	šel-ož-ed-a
šeġalama	šeġali-a=ma
irdeda	irde-da
šidurriva	šid+ō+ri-ne-va
ubēda	ub-ed-a
tālūlīžanna	tal-ol-iž-a=nna
igēnema	egi-ne-e=ma
aldāi	al-d-i-ai
šāla	šāla
ērġima	erġi=ma
ḫarraža	ḫāri-na-až-a
tapšurža	tapš+ur+že-a
uženi	uže-ne
ḫāža	ḫaž-a
tālēnež	tāle-ne-ž
ōžnai	ōžni-ae
alġi	alġ-i
ōšḫunōž	ošḫo+ni-ož
tabrāni	tabrani
murġulišta	murġulišti-a
kažinibād	kāze-ne-va=d
nabarbinie	nabarbi-ne
puttiġiž	put+t+i+ġe-i-ž
kummini	kumme+ne
iži	iž-i
ḫeldāralla	ḫild-ar-a=lla
pōenibi	powe-ne-ve
kešḫini	kešḫi-ne-e
šīrna	šīrn-a
pūrudum	for-ud-o-m
foride	for-ed-i
āġrudum	āġr-ud-o-m
šummanniž	šumm+a+ni-ne-ž
piġīe	piġ-i-en
aiuda	aiu-da
pabannaže	paba+ni-na-až-ve
purallinninažal	fōr+all+i+nni-na-až-a=l
nīvāži	nīv+ā+že
uwamuwā	uwi-a=m
aġrušḫini	aġr+o+šḫe-ne
ažōġini	až+oġi-ne-e
surgi	surgi
šīnda	šind-a
ḫanumbasḫi	ḫan+u+mb+a+sḫe
kapšuġāl	kapš+o+ġe-a=l
talmanalla	talm+a+ni-a=lla
fōrīman	fōri-i=man
tagima	tagi=ma
anagina	anagi-na
ōššōmai	ōšš-o+m+ai
ḫuenivan	ḫowe+ni-i-va=an
nūma	nūmi-a
irdōvānninibi	irdōv+ā+nni-ne-ve
tidiam	tīd-i-a=m
ḫerida	ḫeri-da
nešši	nešši
kibulaēšša	kev-o-l-ai-ž=nna
teġulli	teġ-ol-i-le
ēlmirġi	elm+ir+ġe
kīzirriva	kīziri-ne-va
idna	id+ni-a
ḫeldāralla	ḫild+ār+i-a=lla
karžida	karži-da
eginniniž	ege+nni-ne-ž
šurrū	šurr-u
amanniniba	am+a+nni-ne-va
ḫalzēni	ḫalze-ne-e
tariġini	tar+i+ġe-ne
allai	ālla+i
kelde	kel+di
ḫāġippinama	ḫāġi-v-ve-na=ma
tapḫaštib	tapḫ-ašt-i-b
šīnzima	šin+ze=ma
kamallenna	kamali-ne-nna
lēli	leli
mīrrīž	mīri-ne-ž
taškarġi	taškar+ġe
tugrišḫi	tugriž-ġe
ūna	uw+o+ni-a
iġarā	iġari-a
teiai	tei-ae
tānaštīb	tān-ašt-i-b
ivi	iv-i
nūma	nūm-a
kirmana	kir+man-a
tumniam	tomni-i-a=m
nippilōva	nippilova-a
šūranni	šūr+a+nni
avaštiž	av-ašt-i-ež
ūmmumaššiniva	umm-o-m-ašše-ne-va
šūgēma	šūgē=ma
ēlgilla	ēlgi-i=lla
šubribi	šubri-ve
šarrumman	šarrumma=n
tabenduž	tab-ind-o-ež
lablaḫḫinida	labla+ḫḫe-ne-da
alulbi	alulbi
temmāni	temm-an-i
ḫāžažib	ḫāž+a+že-v
sukki	sukk-i
kūmdenivenin	kūm+de-ne-ve-ne-e=n
erōliva	er-o-l-eva
nāwunni	nāū+nni
arire	ar+i+re
kappilivaž	kapp-i-l-eva-ž
aguda	ago-da
parġida	parġi-da
teššīe	tešše-e
pāġiž	pāġ-i-ež
futkina	fut+ki-na
uittani	uw+ett+a+ni
ānnež	ani-ne-ž
šuwannāža	šuw+a+ni-na-až-a
ūmbiža	ūmb+i+že-a
kadi	kadi
pāštōm	pa-ašt-o-m
salaštu	sal-ašt-o
šīadi	šīadi
alāži	al+ā+že
subitta	sub-ed-d-a
ūrġāb	ūrġ-a-b
ḫinnim	ḫenni=m
sūleška	sūl+eški-a
kuninibi	kune-ne-ve
kašti	kašti
tārra	tāri-na
tā+na	tān-a
nūbi	nubi
abinam	avi+n=m
kapšalla	kapšalla
paġandarri	paġ+and+ar+i-ne
armuž	armi-ož
pēduġa	pēd+uġ-a
šarrina	šarri-na
ula	oli-a
tibāġa	tiv-aġ-a
šadna	šadn-a
suguġēda	sug-oġ-ed-a
ḫōžurraža	ḫōžuri-na-až-a
āštiba	āšte-va
sōšša	sōšš-a
sāssari	sāss+ar+i
inġad	inġi-a=d
tali	tal-i
āllaniva	āllāni-va
šēnima	šiye-ne-e=ma
šāvalam	šāv+al-a=m
mādi	mādi
ūpšīb	ūpš-i-b
tūnimmuššuḫḫa	tūn+imm+o+šš+oḫḫe-a
amattena	ammatte-na
kaganidama	kaġ+a+ni-da=ma
īa	īa
īpšadenen	īpšade-ne-n
nakti	nak-d-i
ḫōiġia	ḫō+i+ġe-i-a
tāġi	tāġ-i
auliž	aoli-ž
ōlma	ōl+mi-a
ḫāulimāīn	ḫa-ol-i+m+ai-n
andillam	andi=lla=m
atḫalve	atḫalve
ebri	evri
šāmanni	šāmani-ne
arīvin	ari-i-ve=n
agi	ag-i
šerže	šer+že
teššena	tešše-na
taġinež	tāġe-ne-ž
ardinin	arde-ne-e=n
mānie	mānne
enež	eni-ž
āmmanniniva	āmm+a+nni-ne-va
tarmanna	tarm+a+ni-na
nammallāža	namli-na-až-a
šēriž	šēri-ž
egennin	ege+nni-n
šūžiž	šūži-i-ž
abalġi	abal+ġe
aštāgabi	aštaga-ve
mādida	mādi-da
eguššellandin	eg+o+šš-ill-and-i-n
tuppini	tuppi-ne-e
ḫillēl	ḫill-i=l
puranzipḫināža	puranziḫ-ve-na-až-a
nātḫa	natḫi-a
šendamennīn	šendamenni=n
kādala	kad-al-a
ḫōrāmi	ḫōrāmi
kāllež	kāli-ne-ž
sigarullinež	sig+ar+ulli-ne-ž
kibašši	kev+a+šše
šeġurnibāe	šeġor+ni-ve-ae
āġmižarriž	āġmižari-ne-ž
kīli	kili
tabrinnež	tabrini-ne-ž
āštašḫini	āšt+a+šḫe-ne
paini	pāini
kula	kol-a
arōlawunna	ar-ol-aw=nna
šuēž	šu-i-ež
kiraraštum	kir-ar-ašt-o-m
šumminnam	šummi+n=nna=m
urġa	ūrġi-a
ištāni	ištani
navanida	nav-an-ed-a
šarri	šarri
adēma	ade=ma
šialēri	šial-i-re
ḫanirra	ḫan+i+re-na
pēġulaballa	pēġulabi-a=lla
kažiarrinel	kažiari-ne-ne=l
pāenib	pāeni-v
itka	itk-a
šēža	šēžē-a
šūgi	šūgi
šūri	šūr-i
tupḫa	tupḫ-a
šeġalulēž	šeġal-o-l-ež
ēbrivē	evri-i-ve
nabnida	nabni-da
forili	for-i-le
kundāri	kundāri
eguššina	eg+o+šše-na
avida	avi-i-da
šarri	šarr-i
kišḫini	kešḫi-ne
šažarri	šažari-ne-e
šallaēnel	šallaie-ne-e=l
kuzuġi	kuz-oġ-i
ḫāllāi	ḫāl-i-l-ai
itkurinella	itk-o-re-ne-e=lla
igināžuž	igi-na-až-ož
allumāda	allum+āde-a
itkalzinibi	itkal+zi-ne-ve
eginiž	egi-ne-ž
ḫeldeni	ḫelde-ne
fōrullibina	fōroli-ne-ve-na
aīn	ai=n
kutkūda	kut+kūd-a
fāra	fār-a
šarrinibi	šarri-ne-ve
niġe	niġe
teššināža	tešše-na-až-a
tēadin	tēi+ade-n
kīdāba	kīdāvi-a
tulbulimaža	tulbuli+m+a+že-a
sibariba	sib+ar+i-i-va
naunnaža	nau+ni-na-až-a
purullibi	fōroli-ne-ve
tāpšūlāw	tāpš-ol-aw
kāzuž	kāze-ož
alda	aldi-a
kāvāl	kāvi-a=l
tibib	tive-v
arni	arni
avālġi	av+al+ġe
šukkua	šukk-u-a
uminnāži	omini-na-až-ve
māški	māški
ḫōdanna	ḫōd+a+nni-a
ḫavāḫḫōbada	ḫav+āḫḫ+ō+bade-a
šinubini	šinubi-ne
sūldu	sūl-id-o
težuġarġināži	tež+uġ+ar+ġe-na-až-ve
nānašti	nān-ašt-i
ašḫužikkunnibi	āšḫ+ož+i+kk+o+nni-ve
ēnġa	ēnġi-a
sigalduži	sig+al-d-ož-i
ažiwlai	ažiuli-ae
kadenduž	kad-ind-o-ež
ḫōlulidu	ḫōl-ol-id-o
šīwullēm	šī-ul-i-le=m
ueruḫḫāl	uwer+o+ḫḫe-a=l
pendōvalla	pend-u-a=lla
ḫōpten	ḫōpte-n
urunnin	or+o+nni-n
akkadeni	akk+ade-ne
kanzukkam	kanz-o-kko=m
aštēna	āšte-na
umban	umba=an
taržuwanna	taržuwa+ni-na
ēbrinniž	ever+ni-ne-ž
ḫežminiž	ḫižmi-ne-ž
tebušḫa	tiv+o+šḫi-a
ādaž	atta-ž
tešcuppi	teššob-ve
ōššunila	ōšš+o+ni-i=lla
melaḫḫum	mel+aḫḫ-o-m
kulimmāššōḫḫa	kul+i+mm+ā+šš+ō+ḫḫe-a
šīenāže	šiye-na-až-ve
pāri	pāri
tiššuḫḫi	tišš+o+ḫḫe
išten	ište=n
kulamudutki	kul+am+ud+ut+ki
težuġāi	tež+o+ġe-ae
šarārma	šarārmi-a
ēblam	ēbla=m
šaržāraima	šaržārai=ma
pirida	pir-ed-a
nurāšše	nur+ā+šše
ašḫaštaġe	ašḫ+ašt+a+ḫḫe
paġedab	pāġ-ed-aw
pittugalliaž	pittugalli-i-až
agāve	aga-ve
aveda	ave-da
manzōrāma	manu-ž-ora=ma
kippēna	kippe-na
ḫažāe	ḫāži-ae
tattin	tatti-n
sūlūža	sūl-ož-a
munuž	muni-ož
šubribinibi	šubri-ve-ne-ve
šarža	šarže-a
kažlōža	kažl-ož-a
kišḫida	kešḫi-da
ḫārapḫaēm	ḫār+a+ġe-ve-ae=m
adāni	ad+ā+ni
nāninduža	nān-ind-o-ež=nna
īamma	īa=mma
marašte	mar-ašt-i
fāžanna	fāžani-na
unōži	un-ož-i
pābelġa	pābel+ġe-a
šukkunna	šukk+o+ni-na
tadida	tad-id-a
ūžamma	uw+o+že-a=mma
kapšuġāma	kapš+o+ġe-a=ma
ḫōdinaži	ḫōde-na-až-ve
pižešḫum	piž+ešḫ-o-m
šūwarudanam	šūw-ar-u-d-a=n=m
iži	iži
tapšaġuḫḫa	tapš+aġ+o+ḫḫe-a
kadia	kad-i-a
ubuwen	ub-o-va-en
mādinibi	mādi-ne-ve
anzini	anzi-ne
āštenibi	āšte-ne-ve
tavaštōm	tav-ašt-o-m
užu	už-u
ežežal	ežeži-a=l
amudōbadi	am+ud-o-vade
ḫāōppul	ḫa-uffu=l
kōruppi	kōruppi
ḫamarražena	ḫam+ar+i-na-až-ve-na
naġmazulel	naġmazuli-ž=l
kōruppi	kōr-upp-i
aruwallāenama	aruwallāe-na=ma
unadel	un-a=dil
šōrin	šōri-n
azalda	az-al-d-a
ḫōiġiani	ḫō+i+ġe-i-ane
uštiġi	ošt+i+ġe
manzōž	man-z-ož
ḫaburnin	ḫavor+ni-n
kāri	kar-i
tibōšḫi	tiv+o+šḫi
paġli	paġ+li
adaššībi	ad+a+šše-ve
forāna	for+āna
tabaštili	tab-ašt-i-le
šēġalum	šeġal-o-m
šīġa	šīġ-a
šīwḫa	šīuġi-a
aġarribāe	aġri-ne-ve-ae
šelōlidu	šel-ol-id-o
niga	nigi-a
umbōž	umb-o-ež
talavoži	talāv+o+že
šumunnibi	šumni-ne-ve
ḫōdenažuž	ḫōde-na-až-ož
aninie	ane-ne
šeridab	šer-ed-aw
ažaštib	až-ašt-i-b
ḫōdannibāe	ḫōd+a+nni-ve-ae
tārinni	tar+i+nni
nažāgi	naž-ag-i
adamġi	ad+am+ġe
šeġruž	šeġr-o-ež
titta	titti-a
fiwta	fē-oda
āllānima	āllāni=ma
šukkunna	šokko=nna
ižuġnai	ižuġ+ni-ae
uwal	uw-a=l
fāġadi	fāġadi
navanida	navani-da
ōštannōġa	ōšt+a+nn+ō+ġe-a
āpši	apše
ḫavorunnen	ḫavor+ni-ne-n
eġarribinidal	eġari-ne-ve-ne-da=l
idni	id+ni
tamgina	tamgina
kažalla	kāž-a=lla
ḫāšši	ḫašši
kūmurrida	kūmuri-ne-da
šōruž	šōri-ož
ḫānie	ḫāni-e
šinzuḫḫamma	šin+z+o+ḫḫe-a=mma
šāġlēž	šāġl-i-ež
ibima	ibi-i=ma
eguššulēž	eg+o+šš-o-l-ež
arōluda	ar-ol-u-d-a
tāġid	tāġe=d
tatḫinibi	tatḫi-ne-ve
nave	nave
šeġri	šeġri
kēški	keški
nīvarīuž	nīv+ar+i-i-ož
naīanie	nai-i-ane
ḫārrēma	ḫāri-ne-e=ma
idiaž	idi-i-až
pārgiaž	pārgi-i-až
kuldim	kul-d-i=m
ittili	itt-i-le
ḫillamen	ḫill-am-i-en
šīenella	šiye-ne-e=lla
sangandi	sangandi
keldiani	kel+di-i-ane
ila	il-a
šadōži	šad-ož-i
ēšḫi	ēšḫi
pizigarraž	pizigarra-ž
kuldubin	kuldubi-n
kažlužellandin	kažl-ož-ill-and-i-n
nēġārža	nēġār+že-a
šīad	šiye-a=d
ižinibāin	iži-ne-ve-ae=n
tivinām	tive-na=m
tummininna	tummi-ne-e=nna
igingališḫīnamma	igingališ-ġe-na=mma
purandinel	purandi-ne-ž=l
šeġri	šeġr-i
kaškan	kaška=an
talabōžinaža	talāv+o+že-na-až-a
šumi	šum-i
pendukku	pend-o-kko
šānnež	šāni-ne-ž
sūlūde	sūl+ūde
ḫāžarinna	ḫāž+ar+i-i-nna
alaluž	alalu-ž
kažiari	kažiari
fēḫḫēda	fēḫḫi-e-da
idennanež	idenna-ne-ž
ulluliž	oll-o-l-ež
numribi	numri-i-ve
ḫalban	ḫalba-a=an
tadida	tādi-da
aiangurin	aianguri=n
simminie	simmi-ne
niržida	nir+že-da
pandari	pand+ar+i
neššidal	nešši-da=l
tebini	tive-ne
sarmadenin	sarmade-ne-n
tānuže	tān+o+že
aigalduda	aigaldu-da
ēlgi	ēlgi
kešḫenāži	kešḫi-na-až-ve
ḫiaruḫḫa	ḫi+ar+o+ḫḫe-a
arulli	ar-ol-i-le
kašti	kaš-d-i
eġlibina	eġli-ve-na
egi	eg-i
tōpšida	tōpši-da
ḫežāla	ḫež+āl-a
tāri	tāri
šeġurunnivini	šeġor+ni-ne-ve-ne-e
aġarribināža	aġri-ne-ve-na-až-a
ḫōdedemaen	ḫōd-i+m+ai-n
awfa	a-u-a
tagulēž	tag-o-l-ež
umbundurinidal	umb+und+o+re-ne-da=l
urunni	or+o+nni
abin	avi-i-n
sūwe	sūve
aguma	ag-o+m+ai
tarmannibina	tarm+a+ni-ne-ve-na
ēšḫi	ēšḫ-i
kulimāššināža	kul+i+m+ā+šše-na-až-a
ēārež	ēyari-ž
aštuḫḫinažuž	ašt+o+ḫḫe-na-až-ož
aġuina	aġui-na
ḫōili	ḫō-i-le
ḫōžellandin	ḫōž-ill-and-i-n
ažammu	až-amm-o
mužunni	mužunni
talmu	talm-o
itkalzai	itkal+zi-ae
itkannim	itk-i-anni=m
šēni	šena-i
iškidu	išk-id-o
kulmurri	kulm+o+re-ne
uinež	uwi-ne-ž
ḫenni	ḫenni
aranziġōba	aranziġō-va
kubaġāe	kubaġi-ae
tadanida	tad-an-ed-a
agabēnāža	aga-ve-na-až-a
talaḫḫōm	tal-aḫḫ-o-m
eženibi	eže-ne-ve
ikkammašši	ikk+amm+a+šše
tāna	tāni-a
ḫāni	ḫāni
edukku	ed-o-kko
težāe	teži-ae
mān	mā=an
paġrōžina	faġr+o+že-na
pōnġib	pōnġi-v
ālva	ālvi-a
paššitḫa	pāšš+i+tḫe-a
allannida	āllāni-ne-da
kiptaneda	kip-d-an-ed-a
sitkab	sitk-a-b
pindōli	pend-ol-i
šāttīdu	šātt-id-o
fāžel	faž-i=l
fēžuda	fē-ž-oda
tapšaḫḫa	tapš+āġ+i-a
armuž	arm-o-ež
ḫāžēra	ḫāžeri-a
tāgidura	tāgidu-ra
āġrāi	aġri-ae
pulidibāe	pul+idi-ve-ae
šummida	šummi-da
fažēda	faž-ed-a
nīrib	nir-i-b
ōrdeba	ōr+d-i-eva
falukku	fal-o-kko
ubīn	ub-i-en
kurgōrveašša	kurgōrvi-i-až=nna
tīb	tiye-v
mānura	manu-ra
šelli	šelli
taržuwanzi	taržuwa+n+zi
adi	adi
uġōni	oġ+o+ni
arde	arde
izūza	izuzi-a
ardeni	arde-ne
unuž	un-o-ež
šūpta	šūpti-a
ažužellandin	až+ož-ill-and-i-n
ōlmišši	ōl+mi-šši
ārdīma	arde-i=ma
šēduilianiž	šēd+oʾ+ilia-ne-ž
ēnna	eni-na
pirugāra	pir+ugāri-a
ōmmennivā	omini-ne-va
ašḫudan	ašḫo-da=an
šuwindašši	šu-i-nd-a-šše
aġrāid	aġrā-i=d
ubi	ubi
ammurami	ammurami
pāġiž	paġi-ž
taliniba	tāle-ne-va
fenda	fendi-a
anammi	anammi
subnīa	subni-i-a
elmāi	elmi-ae
felzab	felz-a-b
šattidel	šatti=dil
pīarida	pīari-da
univatta	un-i-eva=tta
šinzi	šin+ze
tuiba	tui-i-va
serrēnež	serrē-ne-ž
itkalzinibina	itkal+zi-ne-ve-na
indannim	ind-i-anni=m
šīel	šī-i=l
āġri	aġri
ḫažaštili	ḫaž-ašt-i-le
itkula	itk-ol-a
pāžia	fāži-i-a
forima	for-i=ma
taržuwannibi	taržuwa+ni-ne-ve
šāġari	šāġ+ar+i
ḫižma	ḫižm-a
nurandiġinina	nurandiġi-nna
pirrib	pirr-i-b
kūdaīž	kud-i-ai-ž
foruššuenim	for-ušš-o-en-i=m
alēōb	alē-o-m
pellēni	pille-ne-e
kalbuġēda	kalb-oġ-ed-a
ūlluž	ūllu-ž
ōrdōž	ōr+d-o-ež
tarže	tarže
passa	passi-a
aga	agi-a
šīri	šīr-i
agi	agi
pendiža	pend-iž-a
sugmuštab	sugm-ušt-a-b
ḫāžažib	ḫaž-až-i-b
ižīma	iži-i=ma
meġa	meġ-a
nelġa	nelġi-a
erāna	er+āna
maġōrri	maġōri-ne
pugulba	pugulbi-a
madla	mad-l-a
āštenna	āšte-i-nna
tūnidu	tūn-id-o
uraēna	uraē-na
šōniba	šō+ni-i-va
taripti	tar+i+pt+i
tilulōštab	til+ol-ošt-aw
ḫižmūža	ḫižm+o+že-a
idibi	idi-i-ve
alāži	alāže
pāttarrēda	pāttari-ne-da
pindab	pend-a-b
mūnuriminida	mūnurimi-ne-da
kapša	kapši-a
talaštāw	tal-ašt-aw
temmāni	temm+ā+ni
uētta	uw+ētt-a
ḫalmināžuž	ḫal+mi-na-až-ož
uminnāža	omini-na-až-a
pōruštugariža	for-ošt-ugar-iž-a
tidištēdi	tīd-išt-ed-i
teḫpa	teḫpi-a
tālia	tale-i-a
kažalla	kažli-na
uriba	ori-i-va
marninel	marne-ne-e=l
arūžušši	ar-ož-o-šše
aštenna	āšte-nna
ḫerāri	ḫer+ār+i
āmi	āmi
egōna	eg+ō+ni-a
šindiž	šind-i-ež
eženišša	eže-ne-ž=nna
egušši	eg+o+šše
mana	man-a
udipšarin	odip.šarri-n
ḫōenēmma	ḫowe+ni-e=mma
ḫirīdi	ḫir+īdi
pilāġižiliġa	pil+āġ+i+šše+li+ġe-a
ušturab	ošt-ur-a-b
fōdu	fud-o
abi	avi
nagēri	nagēri
kakkariani	kakkari-i-ane
taššāmib	taššāmi-v
tāġibi	tāġe-ve
tebi	tive
ēbrež	evri-i-ž
kibuppu	kev-uffu
firiški	fir+iški
ivā	ivi-a
karēnažuž	kare-na-až-ož
ḫinzurinna	ḫinzori-nna
evarži	ev+ar+že
pidia	pid-i-a
umbašši	tupp+a+šše
nakkima	nakk-i=ma
kumarvenel	kumarve-ne-ž=l
kirāži	ker+ā+že
ḫōbānab	ḫōb-an-a-b
ḫaidu	ḫa-id-o
tē	tēi
ažiwlai	aži-o-l-ai
ḫāiži	ḫā+i+že
edida	idi-i-da
šeġalulāešša	šeġal-o-l-ai-ž=nna
turba	torv-a
pabanni	paba+ni
navari	navari
ḫižma	ḫižmi-a
kīdāvae	kīdāvi-ae
ḫuiššeni	ḫo+i+šše-ne
ḫerinež	ḫeri-ne-ž
ideppa	idi-v-va
itkian	itk-i-a=an
šadna	šadni-a
pandiažal	fandi-i-až-a=l
kiverra	kevri-na
ḫawsuġa	ḫauz-oġ-a
tēa	tēa
šimigi	šimige
puenāžuž	powe-na-až-ož
tāwumballa	tā-umb-a=lla
šerminġinež	šermin+ġe-ne-ž
sīani	si-i-ane
šigadibam	šig+adi-i-va=m
ēḫḫinež	ēḫḫi-ne-ž
šīwullēm	šīūli-ne-e=m
ḫōpten	ḫōp-d-i-en
kudunib	kuduni-v
enima	eni=ma
munġīe	munġ-i-en
egini	egi-ne
šerġuž	šer+ġe-ož
ukku	ukk-o
taššāmmiž	taššāmi-ž
pāġidi	pāġ-id-en
ummana	ummani-a
tīa	te-i-a
ani	ani
ḫavorunni	ḫavor+ni-ne
naḫḫubaduž	naḫḫ+o+vade-ož
ḫilde	ḫil-id-en
ānžalāl	ānž+ali-a=l
pārizinivinama	pārizi-ne-ve-na=ma
mažagum	maž-ag-o-m
teġida	teġ-ed-a
sigrōšḫinenna	sigr+ō+šḫe-ne-e=nna
ḫenzādu	ḫenz+ād-u
azusḫa	azusḫi-a
naēnāža	naīa-na-až-a
ḫōbiž	ḫōb-i-ež
išteni	išteni
tarmanni	tarm+a+ni-ne
faġraži	faġr+a+že
ūrġi	ūrġi
šeēnāžuž	šiye-na-až-ož
pāttīvorriva	pāttīvori-ne-va
urel	ori-i=l
egudutki	eg+ud+ut+ki
šundinna	šundi+ni-na
tunuwarriž	tunuwari-ne-ž
tamarra	tam+ar+i-na
itkōli	itk-ol-i
farižanna	pār-iž-a=nna
uīž	uwi-ž
tāduġeba	tado.ḫeba
ḫārāpḫāi	ḫār+a+ġe-ve-ae
mānga	mān+g+a
kāžukku	kāž-o-kko
ēblan	ēbla=n
ila	ili-a
sōīb	sō-i-b
sāzulilida	sāz-ol-il-ed-a
šarriniba	šarri-ne-va
aru	ar-o
šattaġamōra	šattaġamōri-a
šavōžiniva	šav+ō+že-ne-va
fogāda	fog-ad-a
kalōvadi	kal-o-vade
annel	anni=l
abalġāe	abal+ġe-ae
annim	anni=m
nīnubapḫi	ninuwa-ġe-ve
faikkimān	fa-i-kki=mān
ibini	ibi-ne
šāra	šār-a
ḫellamōla	ḫill-am-ol-a
ardēn	arde-n
pabannažuž	paba+ni-na-až-ož
kulziž	kulzi-i-ž
ubilbaeži	ubilbaeži
fāžanni	fāžani-ne
ḫebapti	ḫebad-ve
taržuwāni	taržuwa+ni
utḫarra	utḫari-na
aġrinninibinida	aġr+i+nni-ne-ve-ne-da
kužuškuženie	kuž+u+šk+o+že-ne
pāirra	pāiri-na
ḫiaruḫḫināža	ḫi+ar+o+ḫḫe-na-až-a
šūgatteni	šūgatte-ne
šubribiniba	šubri-ve-ne-va
tivušḫini	tiv+o+šḫi-na
eġari	eġari
padni	padn-i
šēġali	šeġali
mužuniž	mužoni-ž
uwamuwā	uw-i
telumma	tel-o-m=ma
ḫupši	ḫupši
miržāe	mirži-ae
fēluž	fēl-o-ež
ḫavārri	ḫav+ār+i-ne
nerubādi	nir+o+bāde
egunninin	eg+o+nni-ne-n
uri	ori
šuppaššab	šupp+a+šše-a=m
šīrna	šīr+ni-a
munuġuželāi	mun-oġ-ož-i-l-ai
āšḫiniba	āšḫi-ne-va
tarbu	tarb-o
keššenidal	kešše-ne-da=l
nāli	nāl-i
aimān	ai=m=an
kūninin	kune-ne-e=n
ažāl	aži-a=l
kēlula	kēl-ol-a
eguššuž	eg+o+šš-o-ež
sikkōġa	sikk+o+ġe-a
malladael	mall+ade-ae=l
ḫanibāe	ḫāni-ve-ae
futkib	fut+ki-v
uba	ub-a
allanōḫḫi	alla+n+o+ḫḫe
ušḫuluppu	ušḫ-ol-uffu
nakkidāōž	nakk-ed-aw-ž
šāžarri	šažari-ne
agidu	ag-id-o
ḫenzā	ḫenzi-a
āššaežal	āšš-i-ai-ž-a=l
paḫḫirāžuž	paġari-na-až-ož
ēlmina	elmi-na
irdi	irde-i
ḫarġaraima	ḫarġarai=ma
pālikkamma	pal-i-kki=mma
šalġōla	šalġ-ol-a
naḫḫab	naḫḫ-a-b
pōrullin	fōroli-ne-n
šummin	šummi-n
šummin	šummi+n
kēnnādal	kēnn-ad-a=l
šiġalam	šeġal-a=m
pēšša	fē-ž=nna
talmaštīli	talm-ašt-i-le
ḫažarrāe	ḫāž+arri-ae
šavadnimma	šavad+ni=mma
egināžuž	egi-na-až-ož
kablāi	kabli-ae
kešše	kešše
ḫamaziažidan	ḫamaz+i+a+šše-dan
sammalaštuž	samm+al-ašt-o-ež
kurannia	kur+a+nni-i-a
kišḫi	kešḫ-i
šīelva	šīlvi-a
šūla	šūli-a
unam	un-a=m
paġruž	faġri-ož
ura	ur-a
ižikkunna	iž+ikk+o+nni-a
šīnunaġi	šīnunaġi
ūššīd	ōšš-i=d
abundišši	abundi-šši
itkalzi	itkal+zi
ḫirinnel	ḫiri+ni-ne-e=l
kapšuġāma	kapš-oġ-a=ma
ardebāi	arde-ve-ae
āmba	āmbi-a
ninuwava	ninuwa-va
šidarbu	šidarbu
pāinnia	paini-ne-va
tūdiguž	tūdi+gi-ož
suwaḫḫu	suwaḫḫu
teunāe	te+o+n+āe
taržuwanniba	taržuwa+ni-ne-va
tōniliffa	ton-i-le=ffa
nivōžellandin	niv-ož-ill-and-i-n
šīenaēl	šiye-ne-ae=l
ḫāri	ḫār-i
umbašši	tupp-a-šše
nōriġini	nor+i+ġe-ne
attubadenež	att+o+bade-ne-ž
enigaldi	ennigaldi
ābri	abri
pēġulaballa	pēġ-ol-a-b-a=lla
nakkašḫam	nakk+a+šḫe-a=m
ubukku	ub-o-kko
everinžippininim	evr+in+že-v-ve-ne-ne=m
tullibina	tuli-ne-ve-na
tōġalziniž	tōġal+zi-ne-ž
šīaiašši	šīaiašše
pāġōža	pāġ-ož-a
āġribuž	aġri-ve-ož
šeġurninni	šeġor+n+i+nni
niga	nig-a
purranna	purra-nna
ižibāin	iži-ve-ae=n
ugulzib	ug+ol+z-i-b
taptani	tapt+a+ni
kibōliž	kev-o-l-ež
tažmižarrida	tažmi.šarri-da
amulūdōm	am-ol-ud-o-m
kūdadena	kūdade-na
kādōva	kad-u-a
itkaštab	itk-ašt-a-b
nigalluwe	nigallu-ve
niġarra	niġari-na
kibli	keb+li
ḫōdena	ḫōde-na
tālāl	tal-a=l
tatḫundōrinamma	tātḫ+und+ō+re-na=mma
taptani	tap-d-an-i
ažugallēni	ažugali-ne-ne
fōril	for-i=l
kirġe	kirġe
ela	eli-a
ḫiliġini	ḫil+i+ġe-ne
piġīe	piġi-i-e
egōššōla	eg+o+šš-ol-a
iškiniaž	iški+ni-i-až
niġarži	niġar+že
irdi	ird-i
avarribina	avari-ne-ve-na
eġlibinida	eġli-ve-ne-da
ḫibarni	ḫibar+ni
pendu	pen-d-o
pīarida	pīar-id-a
šapḫaldib	šapḫaldi-v
talīa	tal-i-a
anaulēž	ana-o-l-ež
šōġurri	šōġori-ne
šeġellibinažuž	šeġli-ne-ve-na-až-ož
sikkulli	sikk-ulli
kadulli	kad-ol-i-le
māli	māl-i
kikkunimma	kikk+o+ni=mma
taballiž	taba+li-ne-ž
fōril	fōri-i=l
tīda	tidi-a
ḫuldib	ḫul-d-i-b
alamuž	alami-ož
ḫažarrež	ḫāž+ar+i-ne-ž
kōmura	kōm-ur-a
murriniba	mōrri-ne-va
tarinnima	tar+i+nni=ma
tādareški	tād+ar+e+ški
fogāda	fog+ādi-a
iraduž	erade-ož
pārila	pārili-a
itkidannim	itk-id-anni=m
ḫōdurum	ḫōd-ur-o-m
pāndib	fandi-v
uri	ur-i
šagužellandin	šag-ož-ill-and-i-n
ažōġinel	až+oġi-ne-ž=l
nēlaban	nēl-a-b=an
pāššitḫād	pāšš+i+tḫe-a=d
taženi	taže-ne
ittūbin	ittūbi-n
eġepšullima	eġ+epš-ulli=ma
kibi	kevi
ḫilde	ḫilde
puramdi	purandi
šukka	šokko-a
ḫelōva	ḫelōvi-a
nōġaššeni	nōġašše-ne
fāġri	faġr-i
ḫattuġe	ḫatt+o+ġe
tōruḫḫāe	tor+o+ḫḫe-ae
itkulda	itk-ol-d-a
mānura	mān+o+re-a
ḫuwe	ḫuwe
kirarinnilam	kir+ar+i+nni-i=l=m
šidarna	šid+ar+ni-a
ḫaššiadināža	ḫaššiadi-na-až-a
šēže	šēžē
katki	kat+ki
kibure	kev+o+re
ēbrinniba	ever+ni-ne-va
suġri	suġri
māmurinibi	mām+o+re-ne-ve
ižuġna	ižuġ+ni-a
itkudutki	itk+ud+ut+ki
ḫurida	ḫōri-i-da
ḫōbēdi	ḫōb-ed-i
āšḫīma	āšḫi-i=ma
šeštena	šešti-na
pindilivaž	pend-i-l-eva-ž
šaderida	šaderi-da
faġruži	faġr+o+že
nūdu	nūd-o
ḫassin	ḫassī-n
tunuštu	ton-ošt-o
šerrin	šēri-ne-n
ḫiarrež	ḫiari-ne-ž
arda	arde-a
nelġa	nelġ-a
pendūġa	pend-oġ-a
ḫōdannida	ḫōd+a+nni-da
ulluġēdi	oll-oġ-ed-i
kadiōššina	kad-i-o-šše-na
maruda	mar-ud-a
nōial	noi-a=l
paġēda	pāġ-ed-a
ḫōmni	ḫōmni
arūlāuž	ar-ul-aw-ž
taduġebāba	tado.ḫeba-va
fōrālīzie	fōr+all+i+n+ze
šialužum	šial-ož-o-m
ammužima	amm-ož-i=ma
šinutḫina	šinut-ġe-na
ḫāž	ḫa-a
kīrenzamma	kire+n+ze-a=mma
nēla	nēli-a
sablōžu	sabl-ož-o
ideppūda	idi-iffu-da
šelluġlupšenie	šell+o+ġ+l+o+pše-ne
ḫumaruġinan	ḫōm+ar+o+ḫḫe-na=an
ḫōmmāruḫḫināža	ḫōm+ar+o+ḫḫe-na-až-a
ištennanan	ište=nna=nan
fēnāna	fēn+ā+ni-a
tōmmušše	tōmmo+šše
šugārdedāwul	šug+ārd-ed-aw=l
pussa	puss-a
pēbi	fē-ve
madaffa	mādi-a=ffa
kangalbālla	kangalvi-a=lla
ediaža	idi-i-až-a
miržāe	mirž-i-ai
šubribima	šubri-ve=ma
tedevaduḫḫa	tid+i+vad+o+ḫḫe-a
šeġōnāža	šeġōni-na-až-a
talmōla	talm-ol-a
talippa	tal-i-b=ma
tabrēnni	tab+i+rē+nni
naḫḫuža	naḫḫ+o+že-a
mēgummi	mēg-umme
šeġalulaēž	šeġal-o-l-ai-ž
arulli	aruli-ne
ēbla	ēbla
illaiaġe	illaia-ġe
sāllava	sāllavi-a
šurakkanna	šurakk+a+nni-a
itḫiniž	itḫi-ne-ž
ḫillamen	ḫillame-n
šarrināže	šarri-na-až-ve
piga	pigi-a
pāriža	pār+i+že-a
šīb	šī-i-b
murġulišta	murġ-ol-išt-a
palaġa	palaġi-a
azallaenen	azallae-ne-n
ananešḫiani	an+an+e+šḫe-i-ane
keldāi	kel+di-ae
kūžuġ	kužuġ
kešḫi	kešḫi
šiwumballa	ši-umb-a=lla
ḫārri	ḫāri-ne
šāli	šāl-i
unīdu	un-id-o
ummana	umm-an-a
ibrinza	evren+ze-a
pudūlimaššinaža	fud+ol+i+m+a+šše-na-až-a
šōra	šōri-a
tādinibād	tādi-ne-va=d
inumma	inu=mma
pēdaruž	ped+ar+i-ož
pāġružini	faġr+o+že-ne-e
kēbillāžuž	keb+li-na-až-ož
aluwīb	alu-i-b
naḫḫilāi	naḫḫ-i-l-ai
nabarvināžuž	nabarbi-ve-na-až-ož
tarni	tarn-i
sāžulia	sāz-ol-i-a
šūpta	šūp-d-a
tuffaēšḫema	tuffaē+šḫe=ma
apšena	apše-na
šīri	šīri
elaminēve	elami-ne-ve
ḫōmnummi	ḫōmn-umme
ḫannibāe	ḫanni-ve-ae
fēḫḫēda	fēḫḫ-ed-a
adīrġa	adīr+ġe-a
fōri	for-i
ḫavōrnuž	ḫavor+ni-ož
kēažima	kiaže=ma
urukku	ur-o-kko
sōpḫōra	sōpḫōri-a
ḫullurēva	ḫull+o+re-i-va
tagulaēž	tag-o-l-ai-ž
mužōlōm	mūž-ol-o-m
ḫōlliaž	ḫōlli-i-až
ḫōmbārži	ḫomb+ar+ži
ārdibinešša	arde-i-ve-ne-ž=nna
egai	egi-ae
kammanġiani	kamm+an+ġe-i-ane
teššeni	tešše+ni
kivōrġēnivōž	kiv+ōr+ġē-ne-ve-ož
izōzi	izuzi
itkundaššinama	itk-u-nd-a-šše-na=ma
uīb	uwi-v
šukku	šokko
šendena	šindi-na
manza	man-z-a
nānidi	nān-ed-i
ḫāri	ḫāri
ibāi	ibi-ae
miluladilāe	mil-ol-ad-i-l-ai
salma	salmi=ma
andi	andi
ururmilīaž	orurmili-i-až
kuruppa	kuruppi-a
abiaža	ave-až-a
ḫāžažilēž	ḫaž-až-i-l-ež
šukkuttatta	šukk+utti-a=tta
aġarri	aġarri
kulōrum	kul-ur-o-m
ažurež	až-o-re-i-ž
kādāšti	kad-ašt-i
tarria	tarr-i-a
pairibuwi	pa+i+re-iffu-ve
tāġiniba	tāġe-ne-va
ulaffa	oli-a=ffa
amumām	am+o+mi-a=m
šattub	šātt-o-m
agōža	ag-ož-a
taržuwannažuž	taržuwa+ni-na-až-ož
aštuḫḫina	ašt+o+ḫḫe-na
šinurġina	šinurġi-na
šuratḫiniž	šur+a+tḫe-ne-ž
šēġadulimaššinama	šēġ+ad+ul+i+m+a+šše-na=ma
sīgila	sīg-il-a
ḫāvōrunnīra	ḫavor+ni-ne-ra
ušḫuni	ošḫo+ni
tādiašši	tād+i+a+šše
mānnin	mānne=n
ḫaiġi	ḫa+i+ġe
marešḫi	mar+i+šḫe
ḫabalgi	ḫabalgi
fāġra	faġri-a
ebāe	ebi-ae
ūlvinēma	olvi-ne-e=ma
ōrdab	ōr+d-a-b
ḫinzida	ḫenzi-i-da
agunna	ag-o=nna
agūrna	ag+ūr+ni-a
natḫinen	natḫi-ne-n
surōža	sur-ož-a
fāžu	faž-u
kumarvenež	kumarve-ne-ž
aigalduba	aigaldu-va
ḫāuži	ḫa-ož-i
šeġurnibini	šeġor+ni-ve-ne-e
ava	avi-a
fāzanigarvaž	fāzanigar-ve-až
agidōri	ag-id-o-re
kulzinež	kulzi-ne-ž
ōrginin	ōrgi-ne-n
tāndu	tān-d-o
āššiden	āšš-id-en
ebirni	ever+ni
ḫatḫēda	ḫatḫ-ed-a
fadeġib	fadeġi-v
kešḫīda	kešḫi-i-da
abiġarrivenella	ab+iġ+ar+i-ne-ve-ne-e=lla
kirarinna	kir+ar+i+nni-a
ēppiri	ēpp+i+re
pāġida	pāġi-da
malvāži	malvāži
pāġiaža	pāġi-i-až-a
mala	mali-a
šerrāža	šēri-na-až-a
āmba	āmb-a
šōeni	šōe-ne
eġilli⸢fa⸣ašša	eġl-i-l-eva-ž=nna
kišḫiažal	kešḫi-i-až-a=l
nēlla	nēli-na
ideba	idi-i-va
tōġadumanni	tōġ+ad+om+a+ni-ne
paliu	pal-i-o
tagiže	tage+že
ḫaziana	ḫaziani-a
sabarri	sabari-ne
attaibinešša	atta+i-i-ve-ne-ž=nna
šēġalana	šēġala-na
šilaluġinida	šilaluġi-ne-da
avallivena	av+al+i-ne-ve-ne-a
ōnduma	ondu=ma
ažaštilib	až-ašt-i-le=m
piari	pīari
šaballi	šavli-ne-e
ānzamma	anz-a=mma
ideb	idi-v
šūrbēnež	šūrbē-ne-ž
ḫāvōžina	ḫāv+ō+že-na
ḫōrida	ḫōri-da
ežene	eže-ne
ḫubuštab	ḫub-ušt-aw
šablāe	šavli-ae
tumnadinella	tomn+adi-ne=lla
māmmurinie	mamm+o+re-ne-e
ḫažimarri	ḫažimari-ne
elabae	ela-ve-ae
murrāe	murri-ae
pāžēni	pāže-e-ne
uġōššāi	oġ+ō+šše-ae
urida	ori-i-da
agappa	ag-a-b=ma
agi	agi
ūrġāb	ūrġi-a=v
itkalzibināža	itkal+zi-ve-na-až-a
itkalza	itkal+zi-a
nōġinduž	nōġ-ind-o-ež
itkalzibinažadel	itkal+zi-ve-na-až-a=dil
ērbi	ervi
ḫōrraža	ḫōri-na-až-a
tivāḫtu	tiv-aġ-id-o
kōmura	kōmuri-a
ištanida	ištani-i-da
šāri	šāri
enad	en-a=d
ēkkinēn	ēkke-ne-n
inūru	in-ur-o
ḫellib	ḫill-i-b
mānuda	man-oda
tēġida	teġidi-a
iġārrin	iġari-ne-n
našpa	našpi-a
šilumōtḫeb	šil+um+ō+tḫe=m
munġīe	munġi-e
abēd	ave-ž=d
tōri	tūri
pāra	pār-a
issēdi	iss-ed-i
kamveda	kamve-da
uruġeda	ur-oġ-ed-a
nērara	nera-ra
kižarženež	kiž+ar+že-ne-ž
šela	šeli-a
kēda	kēdi-a
šīġāvenažan	šēġa-ve-na-až-a=an
īnippinid	ieni-v-ve-ne-e=d
kulvenāma	kulve-na=ma
kumarbiž	kumarve-ž
āštippa	āšte-v=ma
abrām	abri-a=m
paīnninibuž	paīnni-ne-ve-ož
ašḫužikkunnida	āšḫ+ož+i+kk+o+nni-da
šukki	šokki
ura	uri-a
ibrinnažuž	ever+ni-na-až-ož
pandarinna	fand+ar+i+nni-a
ava	av-a
kundārrin	kundāri-ne-n
pussa	pussi-a
foglāla	fogl-al-a
kāde	kāde
āšta	āšte-a
anzīma	anzi-i=ma
ūžia	uw+o+že-i-a
ḫaīb	ḫa-i-b
tapšab	tapš-a-b
ōštannōġa	ōšt+ann-oġ-a
ubinež	ove-ne-ž
kivožuž	kev-ož-o-ež
šōnib	šō+ni-v
šauškada	šavoška-da
karinež	kare-ne-ž
nakkiōššunā	nakk-i-oššo=nna
šuġa	šuʾ-a
ažaštedō	až-ašt-ed-aw
immaškun	immašku=n
šōġunnaži	šōġoni-na-až-ve
mēgi	mēgi
uba	ubi-a
adaniašta	ad+ā+ni-i-až-da
eda	ed-a
fudōštu	fud-ošt-o
elmi	elmi
kažlulēž	kažl-o-l-ež
pulliž	puli-ne-ž
ānnu	ānnu
kablāi	kabl-i-ai
šīnimma	šini=mma
ḫilli	ḫill-i
ḫōbra	ḫōbri-a
tīva	tiye-i-va
neššib	nešši-v
tīb	te-i-b
ḫužūwa	ḫōž-u-a
telu	tel-o
ištuma	ištani-o-m=ma
ḫiri	ḫiri
tanānna	tanāni-na
ḫažara	ḫāž+ar+i-a
niġāri	niġari
kibe	kippe
pārili	pārili
ariliffa	arili-iffe-a
tūnāin	ton-i-ai-n
amūminēva	amm+u+mmi-ne-va
nešḫina	nešḫi-na
kalūwa	kal-u-a
enummē	enummē
ḫežāla	ḫežāli-a
malāe	mali-ae
purrābi	purra-ve
uruwa	ur-u-a
abalġad	abal+ġe-a=d
kāvāl	kāv-a=lla
alvovade	alv+o+vade
assusḫi	assusḫi
ugulgari	ug+ol+gar-i
purammippuwan	pura+mmi-iffu-va=an
murrina	mōrri-na
kādukku	kad-o-kko
āššaniba	āššani-i-va
sulōdōēn	sul+ud-o-en
šellini	šelli-ne
eġliġi	eġl+i+ġe
itkulāuž	itk-ol-aw-ž
kišḫiža	kešḫ-iž-a
ubindain	ubindi-ae=n
šīġāttāma	šīġ-a=tta=ma
itkulēž	itk-o-l-ež
faġruža	faġr+o+že-a
kumarbi	kumarve
awtaluman	audalumma=n
abēdilla	ave-ž=dilla
tarni	tarni
pella	pili-na
šidilāi	šid-i-l-ai
nōvān	nōvi-a=an
kapšuġāl	kapš-oġ-a=l
kibašši	kev-a-šše
kērāžuž	ker-až-o-ež
sītkūli	sitk-ol-i
uġi	uġi
itkāl	itk-a=l
ḫōdemae	ḫōd-i+m+ai
ḫōīb	ḫō-i-b
ištani	ištani
fudōža	fud+ō+že-a
ḫaburna	ḫavor+ni-a
šumminnam	šummi-n=nna=m
ḫōžellāin	ḫō-ož-ill-i-ai-n
kigaduwamma	kig-ad-u-a=mma
aġāštedu	aʾ-ašt-ed-o
tūniani	tūni-i-ane
īštennān	ište=nna=an
tabirīma	tab+i+re-i=ma
nīnādum	nīn-ad-o-m
naḫḫili	naḫḫ-i-le
šēri	šēr-i
šullūbri	šullūbri
aružellāim	ar-ož-ill-i-ai=m
pairima	pa+i+re-i=ma
taġāži	taġ+ā+že
tarve	tarve
šiai	šiye-ae
šadōm	šad-o-m
unušḫuž	un+o+šḫe-ož
nāēnāža	nāie-na-až-a
ḫabaḫḫōbada	ḫab+aḫḫ+ō+bade-a
malāe	mal-i-ai
šialiribuwi	šial-i-re-iffu-ve
šeġla	šeġ+l-a
sabri	sabri
kilānab	kil+ān-a-b
taržuwanažāe	taržuwa+ni-na-až-ve-ae
šārinevi	šāri-ne-ve
kadilēž	kad-i-l-ež
ulliva	oli-ne-va
kažluž	kažl-o-ež
nabarriba	nab+ar+i-ne-va
ḫuburridal	ḫuburi-ne-da=l
edežūda	idi-ž-oda
šumi	šumi-i
ēarži	ēyar+že
tāndib	tān-d-i-b
idīe	id-i-en
išḫaran	išḫara=an
šarriaž	šarri-i-až
talāvaže	talāv+a+že
tabilianiž	tab+ilia-ne-ž
iningaldāe	ennigaldi-ae
tūrīe	tūrī+e
ōššunila	ōšš-on-i=lla
pāriža	pār-iž-a
agōž	ago-ž
faeli	faeli
šiāma	šī-a=ma
tēama	tē-i-a=ma
umve	umve
putkīda	fut+ki-da
piduġu	pīd+uġ-o
āšḫa	āšḫi-a
uššiġina	ušš+i+ġe-na
fāġie	pāġi
šūrūži	šūr-ož-i
kēriuššininna	kēr-i-o-šše-ne-nna
kumrie	kumri-e
mīrrīž	mīr-i-l-ež
pālukku	pal-o-kko
šimiginel	šimige-ne=l
ḫōmarrinin	ḫōmari-ne-n
ibi	ibi
tibāġa	tibāġi-a
šarrinež	šarri-ne-ž
šia	šiye
kilum	kēl-o=m
pālā	pāli-a
irdīž	irde-i-ž
ērbirippi	ērbiri-iffe
idia	idi-i-a
abiaža	avi-i-až-a
nēbāža	nēb+ā+že-a
suppinibinin	suppi-ne-ve-ne-n
ḫižmini	ḫižmi-ne
kivudu	kev-ud-u
kāssi	kāze
nālliž	nāli-ne-ž
itkužalla	itk-o-ež-a=lla
mādai	mādi-ae
ḫōštivuwām	ḫōšti-iffu-va=m
naḫḫaššina	naḫḫ+a+šše-na
ḫudenāža	ḫōde-na-až-a
šēnna	šena-na
magaldinibināža	magaldi-ne-ve-na-až-a
nābima	nave-i=ma
immarvaġināže	immarvaġe-na-až-ve
ābēni	ābē-ne
šendiššēni	šindi+ššē-ne
pōduštabāl	fud-ošt-a-b-a=l
tiveniž	tive-ne-ž
ue	uwi
teffe	teffe
arūžu	ar-ož-o
pērġuba	pērġubi-a
kadib	kad-i-b
pillanēva	pilla-ne-va
kuraḫḫa	kur+a+ḫḫe-a
tānni	tanni
fāra	fāri-a
kažla	kažli-a
tapšōbādi	tapš+ō+bāde
tažummi	taž-umme
tāni	tān-i
maruži	maroži
tarmānuž	tarm+a+ni-ož
kurannia	kur-ann-i-a
idia	id-i-a
šeġōrnida	šeġor+ni-da
šōvalaž	šowala-ž
feva	fē-va
ḫalze	ḫalze
mužūni	muž+u+ni
āmi	am-i
šēndeššini	šēnde+šše-ne
kīškūppēnida	kīšk+ūpp+ē-ne-da
abarim	ab+ar+i=m
puweni	powe-ne
kažluwa	kažl-u-a
šendurum	šend-ur-o-m
nūbīnīn	nubi-ne-n
apšeneve	apše-ne-ve
šūwarudanam	šūwarudi-a=n=m
tešši	tešše
šōima	šō-i=ma
īllulia	īll+uli-i-a
pudulināi	fud+ol+i+ni-ae
aiwpi	aiu-ve
šaġadnadi	šaġad+n+adi
ilamdōġi	ilamd+ō+ġe
pōssu	pōss-o
iža	iž-a
pabni	pab+ni
mūžib	mūž-i-b
ōlluḫḫa	ōll+o+ḫḫe-a
tāni	tāni
kiaži	kiaže
kādala	kād+ali-a
purburnīe	pur+bur+ni-e
kumri	kumri
šeġira	šeġiri-a
tebāe	tive-ae
ušḫunāe	ošḫo+ni-ae
kūžaġ	kužaġ
tōġadužilāi	tōġ-ad-ož-i-l-ai
ivi	ivi
ōrgini	ōrgi-ne
pāru	pār-u
immarrida	immari-ne-da
naḫḫaššina	naḫḫ-a-šše-na
āšte	āšte
kivožuž	kev+o+že-ož
ērġima	ērġ-i=ma
forima	fōri=ma
ēlgāe	ēlgi-ae
adāllēlla	adāl-ne-e=lla
taduġeban	tado.ḫeba=an
šōnia	šōn-i-a
itkužellandin	itk-ož-ill-and-i-n
ḫuburriba	ḫuburi-ne-va
niviriffi	niviri-iffe
ēblava	ēbla-va
eguššāe	eg+o+šše-ae
šerženi	šer+že-ne-e
agulla	ag-o=lla
ḫademinin	ḫademi-ne-n
šiglademma	šigl+ade=mma
ḫōidan	ḫō-id-en
šūranni	šūr-i-anni
tarāi	tāri-ae
šurba	šurbi-a
teġiw	teġ-i-o
šidarnai	šid+ar+ni-ae
pižāišpānel	pižāiš.pā-ne=l
šinima	šini=ma
šenda	šindi-a
talmōvab	talmōv-a-b
aškōlāe	ašk-o-l-ai
tarria	tarri-i-a
anamminna	anammi=nna
uilanum	uw-il-an-o-m
tanna	tanni-a
užunnibina	už+o+ni-ne-ve-na
ušḫunnibāl	ošḫo+ni-ne-ve=l
kivirāžan	kevri-na-až-a=n
ammummi	amm-umme
šeġrulida	šeġr-ol-ed-a
kulamōrrinibi	kul+am+ō+rre-ne-ve
ēbrešši	evr+in+že
agarġu	ag+ar+ġ-o
pabanniž	paba+ni-ne-ž
agūmālla	ag-o-m-a=lla
ummandu	umm-an-id-o
ubindain	ub-ind-i-ai-n
ḫabānab	ḫabān-a-b
ḫōžīw	ḫōž-i-o
anaštikki	an-ašt-i-kki
aliab	alē-a-b
kulmurina	kulm+o+re-na
šōe	šōe
šatteda	šātt-ed-a
tagižina	tage+že-na
īnnannam	īnna=nna=m
abi	avi
tugalla	tugali-na
āġridal	aġri-da=l
taržuwannida	taržuwa+ni-ne-da
pudulimašši	fud+ol+i+m+a+šše
piga	pig-a
ḫūžia	ḫūž-i-a
kudukku	kud-o-kko
uminīe	omini-e
fouguġūm	fog-oġ-o-m
agašši	ag+a+šše
māri	mar-i
mānnin	māni-ne-n
šaġurunuwaba	šaġurunuwa-va
nērne	nēr+ni
katkini	kat+ki-ne
nāldiri	nāldiri
ananareškinibāe	an+an+ar+i+ški-ne-ve-ae
nēli	nēli
ivā	iv-a
kuttae	kutte-ae
šēža	šēži-a
mādillilla	mādili-ne-e=lla
enāe	eni-ae
madōli	mād-ol-i
šabinuwaġinibina	šabinuwa-ġe-ne-ve-na
ḫuišša	ḫo+i+šše-a
pārellandin	pār-ill-and-i-n
kubāġinel	kubāġi-ne-e=l
urgi	urgi
šiēž	šiye-ž
kutteni	kutte-ne
fadeġib	fad-eġ-i-b
ḫōbiž	ḫōbi-ž
pagammuž	pag+a+mme-ož
ḫuruššibināža	ḫur+o+šše-ve-na-až-a
pāššaḫḫi	pāšš+aḫḫ+i
šīra	šīr-a
tapti	tapti
pāžida	fāži-da
ḫāe	ḫa-i
āštīva	āšte-i-va
ḫiraġella	ḫir-aġ-i=lla
ažarbaššina	až+arb+a+šše-na
iža	iža
kuzuġi	kuz+o+ġe
assusḫa	assusḫi-a
ḫōdra	ḫōdri-a
maēttana	maētta+ni-a
silmanidab	silm+an-ed-aw
sūgētteni	sūgētte-ne
šelluššae	šell+o+šše-ae
maġāra	maġ-ar-a
ḫutḫi	ḫutḫi
kumminivož	kumme+ne-ve-ž
ḫiaruḫḫina	ḫi+ar+o+ḫḫe-na
alōlašši	al-ol-a-šše
umbu	umbu
tīdiw	tīd-i-o
arulim	ar-ol-i=m
temiġa	temiġi-a
ištanin	ištani-n
allanzōn	allanzō=n
mužunna	muž+u+ni-na
ašḫō	āšḫ-o
itkaišša	itk-i-ai-ž=nna
sabalgina	sabal+gi-na
šināi	šine-ae
arōlullub	ar-ol-ull-o-m
nakkuppu	nakk-uffu
nabarbin	nabarbi=n
turbōri	turb+ō+re
itkulāež	itk-o-l-ai-ž
tedera	tederi-a
patteni	patte-ne
eġinen	eġi-ne-n
ḫāibād	ḫa-i-b-a=d
nāwunnebina	nau+ni-ne-ve-na
kungallē	kungallē
šažanōva	šaž-an-o-eva
nūduža	nūd-ož-a
tapteni	tapti-ne
ḫebapta	ḫebad-va
šuġa	šuʾi-a
ḫīdūri	ḫīd-ur-i
fēnāna	fēn-an-a
fel	fē-lla
fažamma	faž-a=mma
ḫapsuri	ḫapsōri
miržāl	mirž-a=l
pirundōġa	pirund+ō+ġe-a
ḫaniri	ḫan+i+re
tūrīe	tūri-i-e
itkaštib	itk-ašt-i-b
tunidu	ton-id-o
pērġēna	pēri-ġe-na
ižibāi	iži-ve-ae
nigalōba	nigalo-va
šukkuttatta	šukk+utt-a=tta
ūmbiža	umb-iž-a
ḫažarāe	ḫāž+ar+i-ae
ḫēri	ḫeri
kivērāšta	kevri-na-až-da
šōraššella	šōr-a-šše=lla
aštuḫḫinažāi	ašt+o+ḫḫe-na-až-ve-ae
abibaž	abi-iffe-až
nuḫḫaže	nuḫḫ+a+že
nabarbiž	nabarbi-ž
ižaž	iž-až
ḫellibādi	ḫill-i-vade
uniġiani	un+i+ġe-i-ane
tēama	te-i-a-ma
